AUTHORS,TITLE,JOURNAL,JOURNAL_CODE,DOI,URL,A_1_COUNTRY,A_1_US,A_2_COUNTRY,A_3_COUNTRY,SHORT_ARTICLE,WORD_NO,NOTES_NO,REF_WORD_NO,WORDS_CALC,K_WORDS_TOTAL,REF_WEIGHT,CIT_NO,DET_CIT_NO,DET_CIT_WEIGHT,WORD_LIMIT,LENGTH_RATIO,CIT_PER_WORD
"Glaessel, Christian; Paula, Katrin","Sometimes Less Is More: Censorship, News Falsification, and Disapproval in 1989 East Germany",AMERICAN JOURNAL OF POLITICAL SCIENCE,1,10.1111/ajps.12501,https://doi.org/10.1111/ajps.12501,Germany,0,Germany,,,7624,0,1613,9237,9.237,0.174623796,114,19,0.166666667,10000,0.9237,0.012341669
"Orr, Lilla V.; Huber, Gregory A.",The Policy Basis of Measured Partisan Animosity in the United States,AMERICAN JOURNAL OF POLITICAL SCIENCE,1,10.1111/ajps.12498,https://doi.org/10.1111/ajps.12498,United States,1,United States,,,9589,0,455,10044,10.044,0.045300677,46,2,0.043478261,10000,1.0044,0.004579849
"Egan, Patrick J.",Identity as Dependent Variable: How Americans Shift Their Identities to Align with Their Politics,AMERICAN JOURNAL OF POLITICAL SCIENCE,1,10.1111/ajps.12496,https://doi.org/10.1111/ajps.12496,United States,1,,,,8582,0,1104,9686,9.686,0.113978939,83,3,0.036144578,10000,0.9686,0.008569069
"Bhavnani, Rikhil R.; Lee, Alexander",Does Affirmative Action Worsen Bureaucratic Performance? Evidence from the Indian Administrative Service,AMERICAN JOURNAL OF POLITICAL SCIENCE,1,10.1111/ajps.12497,https://doi.org/10.1111/ajps.12497,United States,1,United States,,,9058,0,909,9967,9.967,0.091200963,77,6,0.077922078,10000,0.9967,0.007725494
"Laustsen, Lasse; Petersen, Michael Bang",Online Tallies and the Context of Politics: How Online Tallies Make Dominant Candidates Appear Competent in Contexts of Conflict,AMERICAN JOURNAL OF POLITICAL SCIENCE,1,10.1111/ajps.12490,https://doi.org/10.1111/ajps.12490,Denmark,0,Denmark,,,9026,3,1253,10273,10.273,0.121970213,95,10,0.105263158,10000,1.0273,0.009247542
"Ward, George",Happiness and Voting: Evidence from Four Decades of Elections in Europe,AMERICAN JOURNAL OF POLITICAL SCIENCE,1,10.1111/ajps.12492,https://doi.org/10.1111/ajps.12492,United States,1,,,,7990,22,1447,9393,9.393,0.154050889,83,2,0.024096386,10000,0.9393,0.008836368
"Benton, Allyson L.; Philips, Andrew Q.",Does the @realDonaldTrump Really Matter to Financial Markets?,AMERICAN JOURNAL OF POLITICAL SCIENCE,1,10.1111/ajps.12491,https://doi.org/10.1111/ajps.12491,Mexico,0,United States,,,11858,20,1606,13424,13.424,0.119636472,140,1,0.007142857,10000,1.3424,0.010429082
"Lowande, Kenneth; Proctor, Andrew",Bureaucratic Responsiveness to LGBT Americans,AMERICAN JOURNAL OF POLITICAL SCIENCE,1,10.1111/ajps.12493,https://doi.org/10.1111/ajps.12493,United States,1,United States,,,8289,9,1851,10122,10.122,0.182868998,109,0,0,10000,1.0122,0.010768623
"Bohmelt, Tobias; Bove, Vincenzo; Nussio, Enzo",Can Terrorism Abroad Influence Migration Attitudes at Home?,AMERICAN JOURNAL OF POLITICAL SCIENCE,1,10.1111/ajps.12494,https://doi.org/10.1111/ajps.12494,United Kingdom,0,United Kingdom,Switzerland,,8346,10,1959,10285,10.285,0.190471561,124,25,0.201612903,10000,1.0285,0.012056393
"Dewan, Torun; Merilaeinen, Jaakko; Tukiainen, Janne",Victorian Voting: The Origins of Party Orientation and Class Alignment,AMERICAN JOURNAL OF POLITICAL SCIENCE,1,10.1111/ajps.12489,https://doi.org/10.1111/ajps.12489,United Kingdom,0,Mexico,Finland,,9530,14,922,10424,10.424,0.088449731,80,3,0.0375,10000,1.0424,0.007674597
"Jaeger, Kai",When Do Campaign Effects Persist for Years? Evidence from a Natural Experiment,AMERICAN JOURNAL OF POLITICAL SCIENCE,1,10.1111/ajps.12488,https://doi.org/10.1111/ajps.12488,United Kingdom,0,,,,8675,14,1421,10068,10.068,0.141140246,83,13,0.156626506,10000,1.0068,0.008243941
"Johns, Robert; Kolln, Ann-Kristin",Moderation and Competence: How a Party's Ideological Position Shapes Its Valence Reputation,AMERICAN JOURNAL OF POLITICAL SCIENCE,1,10.1111/ajps.12481,https://doi.org/10.1111/ajps.12481,United Kingdom,0,Denmark,,,8272,7,1652,9910,9.91,0.166700303,111,14,0.126126126,10000,0.991,0.011200807
"Casas, Andreu; Denny, Matthew J.; Wilkerson, John",More Effective Than We Thought: Accounting for Legislative Hitchhikers Reveals a More Inclusive and Productive Lawmaking Process,AMERICAN JOURNAL OF POLITICAL SCIENCE,1,10.1111/ajps.12472,https://doi.org/10.1111/ajps.12472,United States,1,United States,United States,,6889,23,1242,8085,8.085,0.153617811,81,2,0.024691358,10000,0.8085,0.010018553
"Elliott, Kevin J.","Democracy's Pin Factory: Issue Specialization, the Division of Cognitive Labor, and Epistemic Performance",AMERICAN JOURNAL OF POLITICAL SCIENCE,1,10.1111/ajps.12486,https://doi.org/10.1111/ajps.12486,United States,1,,,,8873,11,1174,10025,10.025,0.117107232,86,26,0.302325581,10000,1.0025,0.008578554
"Strickland, James M.",The Declining Value of Revolving-Door Lobbyists: Evidence from the American States,AMERICAN JOURNAL OF POLITICAL SCIENCE,1,10.1111/ajps.12485,https://doi.org/10.1111/ajps.12485,United States,1,,,,7889,10,1449,9318,9.318,0.155505473,98,26,0.265306122,10000,0.9318,0.010517278
"Jung, Jae-Hee",The Mobilizing Effect of Parties' Moral Rhetoric,AMERICAN JOURNAL OF POLITICAL SCIENCE,1,10.1111/ajps.12476,https://doi.org/10.1111/ajps.12476,United Kingdom,0,,,,8232,25,1940,10122,10.122,0.191661727,138,7,0.050724638,10000,1.0122,0.013633669
"Strayhorn, Joshua A.",Ideological Competition and Conflict in the Judicial Hierarchy,AMERICAN JOURNAL OF POLITICAL SCIENCE,1,10.1111/ajps.12462,https://doi.org/10.1111/ajps.12462,United States,1,,,,8670,14,750,9392,9.392,0.079855196,56,2,0.035714286,10000,0.9392,0.005962521
"Pond, Amy; Zafeiridou, Christina",The Political Importance of Financial Performance,AMERICAN JOURNAL OF POLITICAL SCIENCE,1,10.1111/ajps.12480,https://doi.org/10.1111/ajps.12480,United States,1,United States,,,9150,28,1492,10586,10.586,0.140940865,104,2,0.019230769,10000,1.0586,0.009824296
"Auerbach, Adam Michael; Thachil, Tariq","Cultivating Clients: Reputation, Responsiveness, and Ethnic Indifference in India's Slums",AMERICAN JOURNAL OF POLITICAL SCIENCE,1,10.1111/ajps.12468,https://doi.org/10.1111/ajps.12468,United States,1,United States,,,9811,38,467,10202,10.202,0.045775338,76,2,0.026315789,10000,1.0202,0.00744952
"Arceneaux, Kevin; Dunaway, Johanna; Johnson, Martin; Vander Wielen, Ryan J.",Strategic Candidate Entry and Congressional Elections in the Era of Fox News,AMERICAN JOURNAL OF POLITICAL SCIENCE,1,10.1111/ajps.12478,https://doi.org/10.1111/ajps.12478,United States,1,United States,"United States, United States",,8878,23,1692,10524,10.524,0.160775371,135,4,0.02962963,10000,1.0524,0.012827822
"Schultz, Kenneth A.; Mankin, Justin S.",Is Temperature Exogenous? The Impact of Civil Conflict on the Instrumental Climate Record in Sub-Saharan Africa,AMERICAN JOURNAL OF POLITICAL SCIENCE,1,10.1111/ajps.12425,https://doi.org/10.1111/ajps.12425,United States,1,United States,,,8677,18,1325,9966,9.966,0.132952037,76,4,0.052631579,10000,0.9966,0.007625928
"Ingham, Sean; Lovett, Frank","Republican Freedom, Popular Control, and Collective Action",AMERICAN JOURNAL OF POLITICAL SCIENCE,1,10.1111/ajps.12439,https://doi.org/10.1111/ajps.12439,United States,1,United States,,,10228,26,401,10577,10.577,0.037912452,44,15,0.340909091,10000,1.0577,0.00415997
"Velez, Yamil Ricardo; Newman, Benjamin J.","Tuning In, Not Turning Out: Evaluating the Impact of Ethnic Television on Political Participation",AMERICAN JOURNAL OF POLITICAL SCIENCE,1,10.1111/ajps.12427,https://doi.org/10.1111/ajps.12427,United States,1,United States,,,7548,26,1614,9110,9.11,0.177167947,99,3,0.03030303,10000,0.911,0.010867179
"Bisgaard, Martin",How Getting the Facts Right Can Fuel Partisan-Motivated Reasoning,AMERICAN JOURNAL OF POLITICAL SCIENCE,1,10.1111/ajps.12432,https://doi.org/10.1111/ajps.12432,Denmark,0,,,,9034,6,959,9981,9.981,0.096082557,97,11,0.113402062,10000,0.9981,0.009718465
"Montanaro, Laura",Discursive Exit,AMERICAN JOURNAL OF POLITICAL SCIENCE,1,10.1111/ajps.12463,https://doi.org/10.1111/ajps.12463,United Kingdom,0,,,,8444,2,1428,9868,9.868,0.144710174,112,23,0.205357143,10000,0.9868,0.011349818
"Bischof, Daniel; Wagner, Markus",Do Voters Polarize When Radical Parties Enter Parliament?,AMERICAN JOURNAL OF POLITICAL SCIENCE,1,10.1111/ajps.12449,https://doi.org/10.1111/ajps.12449,Switzerland,0,Austria,,,9394,21,2118,11470,11.47,0.184655623,143,12,0.083916084,10000,1.147,0.012467306
"Hassell, Hans J. G.; Visalvanich, Neil","The Party's Primary Preferences: Race, Gender, and Party Support of Congressional Primary Candidates",AMERICAN JOURNAL OF POLITICAL SCIENCE,1,10.1111/ajps.12461,https://doi.org/10.1111/ajps.12461,United States,1,United Kingdom,,,8603,17,1790,10359,10.359,0.172796602,199,2,0.010050251,10000,1.0359,0.019210348
"Gingerich, Daniel W.",Ballot Reform as Suffrage Restriction: Evidence from Brazil's Second Republic,AMERICAN JOURNAL OF POLITICAL SCIENCE,1,10.1111/ajps.12438,https://doi.org/10.1111/ajps.12438,United States,1,,,,9357,6,680,10025,10.025,0.067830424,33,7,0.212121212,10000,1.0025,0.003291771
"Alesina, Alberto; Passarelli, Francesco",Loss Aversion in Politics,AMERICAN JOURNAL OF POLITICAL SCIENCE,1,10.1111/ajps.12440,https://doi.org/10.1111/ajps.12440,United States,1,Italy,,,7409,17,1034,8409,8.409,0.122963492,65,3,0.046153846,10000,0.8409,0.007729813
"Gandhi, Jennifer; Ong, Elvin",Committed or Conditional Democrats? Opposition Dynamics in Electoral Autocracies,AMERICAN JOURNAL OF POLITICAL SCIENCE,1,10.1111/ajps.12441,https://doi.org/10.1111/ajps.12441,United States,1,Canada,,,8950,19,904,9816,9.816,0.09209454,65,0,0,10000,0.9816,0.006621842
"Bils, Peter",Policymaking with Multiple Agencies,AMERICAN JOURNAL OF POLITICAL SCIENCE,1,10.1111/ajps.12474,https://doi.org/10.1111/ajps.12474,United States,1,,,,9298,29,747,9987,9.987,0.074797236,54,0,0,10000,0.9987,0.005407029
"Kim, In Song; Liao, Steven; Imai, Kosuke",Measuring Trade Profile with Granular Product-Level Data,AMERICAN JOURNAL OF POLITICAL SCIENCE,1,10.1111/ajps.12473,https://doi.org/10.1111/ajps.12473,United States,1,United States,United States,,8643,22,1061,9660,9.66,0.109834369,71,3,0.042253521,10000,0.966,0.007349896
"Howell, William; Krasa, Stefan; Polborn, Mattias",Political Conflict over Time,AMERICAN JOURNAL OF POLITICAL SCIENCE,1,10.1111/ajps.12467,https://doi.org/10.1111/ajps.12467,United States,1,United States,United States,,9500,26,850,10298,10.298,0.082540299,47,1,0.021276596,10000,1.0298,0.004563993
"Jones, Bradford; Victor, Kristina Flores; Vannette, David",Alien Citizens and the Canonical Immigrant: Do Stigmatized Attributes Affect Latina/o Judgment about Discrimination?,AMERICAN JOURNAL OF POLITICAL SCIENCE,1,10.1111/ajps.12465,https://doi.org/10.1111/ajps.12465,United States,1,United States,United States,,8512,8,920,9416,9.416,0.097706032,70,7,0.1,10000,0.9416,0.007434155
"Minozzi, William; Song, Hyunjin; Lazer, David M. J.; Neblo, Michael A.; Ognyanova, Katherine","The Incidental Pundit: Who Talks Politics with Whom, and Why?",AMERICAN JOURNAL OF POLITICAL SCIENCE,1,10.1111/ajps.12469,https://doi.org/10.1111/ajps.12469,United States,1,Austria,"United States, United States, United States",,8214,26,1430,9592,9.592,0.149082569,82,3,0.036585366,10000,0.9592,0.008548791
"Haynes, Kyle; Yoder, Brandon K.",Offsetting Uncertainty: Reassurance with Two-Sided Incomplete Information,AMERICAN JOURNAL OF POLITICAL SCIENCE,1,10.1111/ajps.12464,https://doi.org/10.1111/ajps.12464,United States,1,Australia,,,8521,23,955,9430,9.43,0.101272535,127,66,0.519685039,10000,0.943,0.013467656
"Albertus, Michael",Land Reform and Civil Conflict: Theory and Evidence from Peru,AMERICAN JOURNAL OF POLITICAL SCIENCE,1,10.1111/ajps.12466,https://doi.org/10.1111/ajps.12466,United States,1,,,,10720,11,886,11584,11.584,0.076484807,82,23,0.280487805,10000,1.1584,0.007078729
"Buisseret, Peter; Van Weelden, Richard","Crashing the Party? Elites, Outsiders, and Elections",AMERICAN JOURNAL OF POLITICAL SCIENCE,1,10.1111/ajps.12457,https://doi.org/10.1111/ajps.12457,United States,1,United States,,,9351,10,540,9871,9.871,0.054705704,33,0,0,10000,0.9871,0.003343126
"Martin, Lanny W.; Vanberg, Georg","Coalition Government, Legislative Institutions, and Public Policy in Parliamentary Democracies",AMERICAN JOURNAL OF POLITICAL SCIENCE,1,10.1111/ajps.12453,https://doi.org/10.1111/ajps.12453,Italy,0,United States,,,9750,22,624,10330,10.33,0.060406583,50,1,0.02,10000,1.033,0.004840271
"Hager, Anselm; Hilbig, Hanno",Do Inheritance Customs Affect Political and Social Inequality?,AMERICAN JOURNAL OF POLITICAL SCIENCE,1,10.1111/ajps.12460,https://doi.org/10.1111/ajps.12460,Germany,0,United States,,,8857,12,1426,10259,10.259,0.138999903,98,39,0.397959184,10000,1.0259,0.009552588
"Brierley, Sarah; Kramon, Eric; Ofosu, George Kwaku",The Moderating Effect of Debates on Political Attitudes,AMERICAN JOURNAL OF POLITICAL SCIENCE,1,10.1111/ajps.12458,https://doi.org/10.1111/ajps.12458,United Kingdom,0,United States,United Kingdom,,9805,36,939,10672,10.672,0.087987256,63,1,0.015873016,10000,1.0672,0.005903298
"Nielsen, Richard A.",Women's Authority in Patriarchal Social Movements: The Case of Female Salafi Preachers,AMERICAN JOURNAL OF POLITICAL SCIENCE,1,10.1111/ajps.12459,https://doi.org/10.1111/ajps.12459,United States,1,,,,8958,20,1123,10041,10.041,0.11184145,80,30,0.375,10000,1.0041,0.007967334
"Claassen, Christopher",Does Public Support Help Democracy Survive?,AMERICAN JOURNAL OF POLITICAL SCIENCE,1,10.1111/ajps.12452,https://doi.org/10.1111/ajps.12452,United Kingdom,0,,,,8883,23,1456,10293,10.293,0.141455358,181,2,0.011049724,10000,1.0293,0.017584766
"Hatemi, Peter K.; Crabtree, Charles; Smith, Kevin B.",Ideology Justifies Morality: Political Beliefs Predict Moral Foundations,AMERICAN JOURNAL OF POLITICAL SCIENCE,1,10.1111/ajps.12448,https://doi.org/10.1111/ajps.12448,United States,1,United States,United States,,8573,9,1520,10075,10.075,0.150868486,111,5,0.045045045,10000,1.0075,0.01101737
"Di Salvatore, Jessica",Peacekeepers against Criminal Violence-Unintended Effects of Peacekeeping Operations?,AMERICAN JOURNAL OF POLITICAL SCIENCE,1,10.1111/ajps.12451,https://doi.org/10.1111/ajps.12451,United Kingdom,0,,,,8675,9,1574,10231,10.231,0.153846154,85,7,0.082352941,10000,1.0231,0.008308083
"Grewal, Sharan; Jamal, Amaney A.; Masoud, Tarek; Nugent, Elizabeth R.",Poverty and Divine Rewards: The Electoral Advantage of Islamist Political Parties,AMERICAN JOURNAL OF POLITICAL SCIENCE,1,10.1111/ajps.12447,https://doi.org/10.1111/ajps.12447,United States,1,United States,"United States, United States",,9528,31,868,10334,10.334,0.083994581,80,6,0.075,10000,1.0334,0.007741436
"Acs, Alex",Congress and Administrative Policymaking: Identifying Congressional Veto Power,AMERICAN JOURNAL OF POLITICAL SCIENCE,1,10.1111/ajps.12444,https://doi.org/10.1111/ajps.12444,United States,1,,,,10160,31,1319,11417,11.417,0.115529474,118,9,0.076271186,10000,1.1417,0.010335465
"Hainmueller, Jens; Hangartner, Dominik",Does Direct Democracy Hurt Immigrant Minorities? Evidence from Naturalization Decisions in Switzerland,AMERICAN JOURNAL OF POLITICAL SCIENCE,1,10.1111/ajps.12433,https://doi.org/10.1111/ajps.12433,United States,1,Switzerland,,,10055,2,712,10763,10.763,0.06615256,45,1,0.022222222,10000,1.0763,0.00418099
"Wolton, Stephane",Are Biased Media Bad for Democracy?,AMERICAN JOURNAL OF POLITICAL SCIENCE,1,10.1111/ajps.12424,https://doi.org/10.1111/ajps.12424,United Kingdom,0,,,,8661,6,1287,9936,9.936,0.129528986,69,2,0.028985507,10000,0.9936,0.006944444
"Patty, John W.; Schibber, Constanza F.; Penn, Elizabeth Maggie; Crisp, Brian F.","Valence, Elections, and Legislative Institutions",AMERICAN JOURNAL OF POLITICAL SCIENCE,1,10.1111/ajps.12429,https://doi.org/10.1111/ajps.12429,United States,1,United States,"United States, United States",,8447,30,1187,9574,9.574,0.123981617,50,0,0,10000,0.9574,0.005222478
"Carroll, Robert J.; Kenkel, Brenton","Prediction, Proxies, and Power",AMERICAN JOURNAL OF POLITICAL SCIENCE,1,10.1111/ajps.12442,https://doi.org/10.1111/ajps.12442,United States,1,United States,,,8845,21,1318,10121,10.121,0.130224286,96,11,0.114583333,10000,1.0121,0.009485229
"Kim, Jeong Hyun",Direct Democracy and Women's Political Engagement,AMERICAN JOURNAL OF POLITICAL SCIENCE,1,10.1111/ajps.12420,https://doi.org/10.1111/ajps.12420,United States,1,,,,7767,5,2161,9918,9.918,0.217886671,133,10,0.07518797,10000,0.9918,0.013409962
"Hill, Seth J.; Huber, Gregory A.","On the Meaning of Survey Reports of Roll-Call ""Votes""",AMERICAN JOURNAL OF POLITICAL SCIENCE,1,10.1111/ajps.12430,https://doi.org/10.1111/ajps.12430,United States,1,United States,,,7764,10,602,8346,8.346,0.072130362,37,1,0.027027027,10000,0.8346,0.004433261
"Anderson, Sarah E.; Buntaine, Mark T.; Liu, Mengdi; Zhang, Bing",Non-Governmental Monitoring of Local Governments Increases Compliance with Central Mandates: A National-Scale Field Experiment in China,AMERICAN JOURNAL OF POLITICAL SCIENCE,1,10.1111/ajps.12428,https://doi.org/10.1111/ajps.12428,United States,1,United States,"China, China",,10024,9,1646,11652,11.652,0.141263302,97,2,0.020618557,10000,1.1652,0.008324751
"Lowande, Kenneth; Ritchie, Melinda; Lauterbach, Erinn","Descriptive and Substantive Representation in Congress: Evidence from 80,000 Congressional Inquiries",AMERICAN JOURNAL OF POLITICAL SCIENCE,1,10.1111/ajps.12443,https://doi.org/10.1111/ajps.12443,United States,1,United States,United States,,8534,14,1055,9561,9.561,0.110344106,107,5,0.046728972,10000,0.9561,0.011191298
"Junk, Wiebke Marie",When Diversity Works: The Effects of Coalition Composition on the Success of Lobbying Coalitions,AMERICAN JOURNAL OF POLITICAL SCIENCE,1,10.1111/ajps.12437,https://doi.org/10.1111/ajps.12437,Denmark,0,,,,9275,19,1063,10300,10.3,0.103203884,131,21,0.160305344,10000,1.03,0.012718447
"Little, Andrew T.",The Distortion of Related Beliefs,AMERICAN JOURNAL OF POLITICAL SCIENCE,1,10.1111/ajps.12435,https://doi.org/10.1111/ajps.12435,United States,1,,,,9294,11,947,10219,10.219,0.092670516,60,0,0,10000,1.0219,0.005871416
"Hubert, Ryan",Getting Their Way: Bias and Deference to Trial Courts,AMERICAN JOURNAL OF POLITICAL SCIENCE,1,10.1111/ajps.12434,https://doi.org/10.1111/ajps.12434,United States,1,,,,8769,7,920,9675,9.675,0.095090439,58,3,0.051724138,10000,0.9675,0.005994832
"Larson, Jennifer M.; Nagler, Jonathan; Ronen, Jonathan; Tucker, Joshua A.",Social Networks and Protest Participation: Evidence from 130 Million Twitter Users,AMERICAN JOURNAL OF POLITICAL SCIENCE,1,10.1111/ajps.12436,https://doi.org/10.1111/ajps.12436,United States,1,United States,"Germany, United States",,9980,14,620,10572,10.572,0.058645479,46,2,0.043478261,10000,1.0572,0.004351116
"Carnegie, Allison; Carson, Austin",The Disclosure Dilemma: Nuclear Intelligence and International Organizations,AMERICAN JOURNAL OF POLITICAL SCIENCE,1,10.1111/ajps.12426,https://doi.org/10.1111/ajps.12426,United States,1,United States,,,10015,62,855,10746,10.746,0.079564489,75,33,0.44,10000,1.0746,0.006979341
"Pardos-Prado, Sergi; Xena, Carla",Skill Specificity and Attitudes toward Immigration,AMERICAN JOURNAL OF POLITICAL SCIENCE,1,10.1111/ajps.12406,https://doi.org/10.1111/ajps.12406,United Kingdom,0,United Kingdom,,,9580,22,922,10458,10.458,0.088162173,88,5,0.056818182,10000,1.0458,0.008414611
"Banks, Antoine J.; Hicks, Heather M.",The Effectiveness of a Racialized Counterstrategy,AMERICAN JOURNAL OF POLITICAL SCIENCE,1,10.1111/ajps.12410,https://doi.org/10.1111/ajps.12410,United States,1,United States,,,9943,17,613,10522,10.522,0.058258886,53,3,0.056603774,10000,1.0522,0.005037065
"Chong, Alberto; Leon-Ciliotta, Gianmarco; Roza, Vivian; Valdivia, Martin; Vega, Gabriela","Urbanization Patterns, Information Diffusion, and Female Voting in Rural Paraguay",AMERICAN JOURNAL OF POLITICAL SCIENCE,1,10.1111/ajps.12404,https://doi.org/10.1111/ajps.12404,United States,1,Spain,"United States, Peru, United States",,11186,30,1292,12418,12.418,0.104042519,86,0,0,10000,1.2418,0.006925431
"Gailmard, Sean; Patty, John W.",Preventing Prevention,AMERICAN JOURNAL OF POLITICAL SCIENCE,1,10.1111/ajps.12411,https://doi.org/10.1111/ajps.12411,United States,1,United States,,,6978,12,633,7587,7.587,0.083432187,43,0,0,10000,0.7587,0.005667589
"Sexton, Renard; Wellhausen, Rachel L.; Findley, Michael G.",How Government Reactions to Violence Worsen Social Welfare: Evidence from Peru,AMERICAN JOURNAL OF POLITICAL SCIENCE,1,10.1111/ajps.12415,https://doi.org/10.1111/ajps.12415,United States,1,United States,United States,,9245,42,1071,10232,10.232,0.104671619,67,1,0.014925373,10000,1.0232,0.006548084
"Groenendyk, Eric","Of Two Minds, But One Heart: A Good ""Gut"" Feeling Moderates the Effect of Ambivalence on Attitude Formation and Turnout",AMERICAN JOURNAL OF POLITICAL SCIENCE,1,10.1111/ajps.12419,https://doi.org/10.1111/ajps.12419,United States,1,,,,8944,24,1092,9988,9.988,0.109331197,103,0,0,10000,0.9988,0.010312375
"Boas, Taylor C.; Hidalgo, F. Daniel; Melo, Marcus Andre",Norms versus Action: Why Voters Fail to Sanction Malfeasance in Brazil,AMERICAN JOURNAL OF POLITICAL SCIENCE,1,10.1111/ajps.12413,https://doi.org/10.1111/ajps.12413,United States,1,United States,Brazil,,8833,5,1519,10342,10.342,0.146876813,95,5,0.052631579,10000,1.0342,0.009185844
"Simonovits, Gabor; Guess, Andrew M.; Nagler, Jonathan",Responsiveness without Representation: Evidence from Minimum Wage Laws in US States,AMERICAN JOURNAL OF POLITICAL SCIENCE,1,10.1111/ajps.12412,https://doi.org/10.1111/ajps.12412,Hungary,0,United States,United States,,5583,22,1053,6592,6.592,0.159739078,76,3,0.039473684,10000,0.6592,0.011529126
"Lupu, Yonatan; Wallace, Geoffrey P. R.","Violence, Nonviolence, and the Effects of International Human Rights Law",AMERICAN JOURNAL OF POLITICAL SCIENCE,1,10.1111/ajps.12416,https://doi.org/10.1111/ajps.12416,United States,1,United States,,,9074,26,1373,10395,10.395,0.132082732,102,20,0.196078431,10000,1.0395,0.00981241
"Mohr, Zachary; Pope, JoEllen, V; Kropf, Martha E.; Shepherd, Mary Jo",Strategic Spending: Does Politics Influence Election Administration Expenditure?,AMERICAN JOURNAL OF POLITICAL SCIENCE,1,10.1111/ajps.12422,https://doi.org/10.1111/ajps.12422,United States,1,United States,"United States, United States",,6815,14,1619,8406,8.406,0.192600523,126,5,0.03968254,10000,0.8406,0.014989293
"Church, Jeffrey",Exemplary Lives and the Normative Theory of Culture,AMERICAN JOURNAL OF POLITICAL SCIENCE,1,10.1111/ajps.12418,https://doi.org/10.1111/ajps.12418,United States,1,,,,9074,18,908,9946,9.946,0.091292982,62,9,0.14516129,10000,0.9946,0.006233662
"Bjornskov, Christian; Mchangama, Jacob",Do Social Rights Affect Social Outcomes?,AMERICAN JOURNAL OF POLITICAL SCIENCE,1,10.1111/ajps.12421,https://doi.org/10.1111/ajps.12421,Denmark,0,Denmark,,,8806,6,1021,9815,9.815,0.104024452,58,2,0.034482759,10000,0.9815,0.005909322
"Imai, Kosuke; Kim, In Song",When Should We Use Unit Fixed Effects Regression Models for Causal Inference with Longitudinal Data?,AMERICAN JOURNAL OF POLITICAL SCIENCE,1,10.1111/ajps.12417,https://doi.org/10.1111/ajps.12417,United States,1,United States,,,10890,14,1154,12016,12.016,0.096038615,83,2,0.024096386,10000,1.2016,0.006907457
"Benoit, Kenneth; Munger, Kevin; Spirling, Arthur",Measuring and Explaining Political Sophistication through Textual Complexity,AMERICAN JOURNAL OF POLITICAL SCIENCE,1,10.1111/ajps.12423,https://doi.org/10.1111/ajps.12423,United Kingdom,0,United States,United States,,10225,18,1048,11237,11.237,0.093263327,81,2,0.024691358,10000,1.1237,0.00720833
"Boudreau, Cheryl; Elmendorf, Christopher S.; MacKenzie, Scott A.",Racial or Spatial Voting? The Effects of Candidate Ethnicity and Ethnic Group Endorsements in Local Elections,AMERICAN JOURNAL OF POLITICAL SCIENCE,1,10.1111/ajps.12401,https://doi.org/10.1111/ajps.12401,United States,1,United States,United States,,8778,12,852,9606,9.606,0.088694566,59,0,0,10000,0.9606,0.006141995
"Paglayan, Agustina S.",Public-Sector Unions and the Size of Government,AMERICAN JOURNAL OF POLITICAL SCIENCE,1,10.1111/ajps.12388,https://doi.org/10.1111/ajps.12388,United States,1,,,,8515,22,1328,9799,9.799,0.135524033,188,16,0.085106383,10000,0.9799,0.019185631
"Singh, Shane P.",Compulsory Voting and Parties' Vote-Seeking Strategies,AMERICAN JOURNAL OF POLITICAL SCIENCE,1,10.1111/ajps.12386,https://doi.org/10.1111/ajps.12386,United States,1,,,,7945,18,2269,10178,10.178,0.222931814,143,20,0.13986014,10000,1.0178,0.014049912
"Mattes, Michaela; Weeks, Jessica L. P.","Hawks, Doves, and Peace: An Experimental Approach",AMERICAN JOURNAL OF POLITICAL SCIENCE,1,10.1111/ajps.12392,https://doi.org/10.1111/ajps.12392,United States,1,United States,,,8691,26,807,9446,9.446,0.085432988,84,0,0,10000,0.9446,0.008892653
"Marshall, John",The Anti-Democrat Diploma: How High School Education Decreases Support for the Democratic Party,AMERICAN JOURNAL OF POLITICAL SCIENCE,1,10.1111/ajps.12409,https://doi.org/10.1111/ajps.12409,United States,1,,,,9156,17,1016,10138,10.138,0.100217005,109,0,0,10000,1.0138,0.010751628
"Bormann, Nils-Christian; Cederman, Lars-Erik; Gates, Scott; Graham, Benjamin A. T.; Hug, Simon; Strom, Kaare W.; Wucherpfennig, Julian","Power Sharing: Institutions, Behavior, and Peace",AMERICAN JOURNAL OF POLITICAL SCIENCE,1,10.1111/ajps.12407,https://doi.org/10.1111/ajps.12407,United Kingdom,0,Switzerland,"Norway, United States, Switzerland, United States, Germany",,8926,26,1568,10442,10.442,0.150162804,137,18,0.131386861,10000,1.0442,0.013120092
"Chapman, Emilee Booth",The Distinctive Value of Elections and the Case for Compulsory Voting,AMERICAN JOURNAL OF POLITICAL SCIENCE,1,10.1111/ajps.12393,https://doi.org/10.1111/ajps.12393,United States,1,,,,8252,16,899,9119,9.119,0.098585371,92,63,0.684782609,10000,0.9119,0.010088826
"Clayton, Amanda; O'Brien, Diana Z.; Piscopo, Jennifer M.",All Male Panels? Representation and Democratic Legitimacy,AMERICAN JOURNAL OF POLITICAL SCIENCE,1,10.1111/ajps.12391,https://doi.org/10.1111/ajps.12391,United States,1,United States,United States,,9403,12,1069,10448,10.448,0.102316233,75,3,0.04,10000,1.0448,0.007178407
"Yoder, Brandon K.","Retrenchment as a Screening Mechanism: Power Shifts, Strategic Withdrawal, and Credible Signals",AMERICAN JOURNAL OF POLITICAL SCIENCE,1,10.1111/ajps.12395,https://doi.org/10.1111/ajps.12395,Singapore,0,,,,9266,33,887,10087,10.087,0.087934966,81,19,0.234567901,10000,1.0087,0.008030138
"Chang, Han Il; Peisakhin, Leonid",Building Cooperation among Groups in Conflict: An Experiment on Intersectarian Cooperation in Lebanon,AMERICAN JOURNAL OF POLITICAL SCIENCE,1,10.1111/ajps.12397,https://doi.org/10.1111/ajps.12397,United Arab Emirates,1,United Arab Emirates,,,9426,16,650,10044,10.044,0.064715253,39,1,0.025641026,10000,1.0044,0.003882915
"Box-Steffensmeier, Janet M.; Christenson, Dino P.; Craig, Alison W.",Cue-Taking in Congress: Interest Group Signals from Dear Colleague Letters,AMERICAN JOURNAL OF POLITICAL SCIENCE,1,10.1111/ajps.12399,https://doi.org/10.1111/ajps.12399,United States,1,United States,United States,,11310,23,1312,12576,12.576,0.1043257,83,2,0.024096386,10000,1.2576,0.006599873
"Friedman, Jeffrey A.",Priorities for Preventive Action: Explaining Americans' Divergent Reactions to 100 Public Risks,AMERICAN JOURNAL OF POLITICAL SCIENCE,1,10.1111/ajps.12400,https://doi.org/10.1111/ajps.12400,United States,1,,,,8779,29,914,9635,9.635,0.094862481,77,4,0.051948052,10000,0.9635,0.007991697
"Wratil, Christopher",Territorial Representation and the Opinion-Policy Linkage: Evidence from the European Union,AMERICAN JOURNAL OF POLITICAL SCIENCE,1,10.1111/ajps.12403,https://doi.org/10.1111/ajps.12403,United States,1,,,,8320,10,1596,9896,9.896,0.161277284,119,12,0.100840336,10000,0.9896,0.012025061
"Broockman, David E.; Ferenstein, Gregory; Malhotra, Neil",Predispositions and the Political Behavior of American Economic Elites: Evidence from Technology Entrepreneurs,AMERICAN JOURNAL OF POLITICAL SCIENCE,1,10.1111/ajps.12408,https://doi.org/10.1111/ajps.12408,United States,1,Independent,United States,,10657,34,544,11133,11.133,0.048863738,38,2,0.052631579,10000,1.1133,0.003413276
"Kane, John, V; Barabas, Jason",No Harm in Checking: Using Factual Manipulation Checks to Assess Attentiveness in Experiments,AMERICAN JOURNAL OF POLITICAL SCIENCE,1,10.1111/ajps.12396,https://doi.org/10.1111/ajps.12396,United States,1,United States,,,9405,20,871,10236,10.236,0.085091833,64,18,0.28125,10000,1.0236,0.006252442
"Cook, Scott J.; Weidmann, Nils B.",Lost in Aggregation: Improving Event Analysis with Report-Level Data,AMERICAN JOURNAL OF POLITICAL SCIENCE,1,10.1111/ajps.12398,https://doi.org/10.1111/ajps.12398,United States,1,Germany,,,8387,24,775,9114,9.114,0.085034014,51,2,0.039215686,10000,0.9114,0.005595787
"Parthasarathy, Ramya; Rao, Vijayendra; Palaniswamy, Nethra",Deliberative Democracy in an Unequal World: A Text-As-Data Study of South India's Village Assemblies,AMERICAN POLITICAL SCIENCE REVIEW,2,10.1017/S0003055419000182,https://doi.org/10.1017/S0003055419000182,United States,1,United States,United States,,10919,21,1282,12159,12.159,0.105436302,73,7,0.095890411,12000,1.01325,0.006003783
"Blair, Robert A.; Karim, Sabrina M.; Morse, Benjamin S.",Establishing the Rule of Law in Weak and War-torn States: Evidence from a Field Experiment with the Liberian National Police,AMERICAN POLITICAL SCIENCE REVIEW,2,10.1017/S0003055419000121,https://doi.org/10.1017/S0003055419000121,United States,1,United States,United States,,11531,41,1556,13005,13.005,0.11964629,103,21,0.203883495,12000,1.08375,0.007920031
"Hall, Andrew B.; Huff, Connor; Kuriwaki, Shiro","Wealth, Slaveownership, and Fighting for the Confederacy: An Empirical Study of the American Civil War",AMERICAN POLITICAL SCIENCE REVIEW,2,10.1017/S0003055419000170,https://doi.org/10.1017/S0003055419000170,United States,1,United States,United States,,11273,28,1221,12438,12.438,0.098166908,107,38,0.355140187,12000,1.0365,0.008602669
"Caughey, Devin; O'Grady, Tom; Warshaw, Christopher","Policy Ideology in European Mass Publics, 1981-2016",AMERICAN POLITICAL SCIENCE REVIEW,2,10.1017/S0003055419000157,https://doi.org/10.1017/S0003055419000157,United States,1,United Kingdom,United States,,9038,23,2299,11291,11.291,0.203613498,121,17,0.140495868,12000,0.940916667,0.0107165
"Becher, Michael; Gonzalez, Irene Menendez",Electoral Reform and Trade-Offs in Representation,AMERICAN POLITICAL SCIENCE REVIEW,2,10.1017/S0003055419000145,https://doi.org/10.1017/S0003055419000145,France,0,Germany,,,11432,38,1231,12587,12.587,0.097799317,118,23,0.194915254,12000,1.048916667,0.009374752
"Cantu, Francisco",The Fingerprints of Fraud: Evidence from Mexico's 1988 Presidential Election,AMERICAN POLITICAL SCIENCE REVIEW,2,10.1017/S0003055419000285,https://doi.org/10.1017/S0003055419000285,United States,1,,,,10313,16,2287,12568,12.568,0.181970083,145,11,0.075862069,12000,1.047333333,0.011537237
"Ascencio, Sergio J.; Rueda, Miguel R.",Partisan Poll Watchers and Electoral Manipulation,AMERICAN POLITICAL SCIENCE REVIEW,2,10.1017/S0003055419000108,https://doi.org/10.1017/S0003055419000108,United Arab Emirates,1,United States,,,10796,46,1302,12006,12.006,0.108445777,77,2,0.025974026,12000,1.0005,0.00641346
"Patty, John W.; Penn, Elizabeth Maggie",Are Moderates Better Representatives than Extremists? A Theory of Indirect Representation,AMERICAN POLITICAL SCIENCE REVIEW,2,10.1017/S0003055419000261,https://doi.org/10.1017/S0003055419000261,United States,1,United States,,,12706,31,1387,14031,14.031,0.098852541,80,1,0.0125,12000,1.16925,0.005701661
"Schnakenberg, Keith E.; Turner, Ian R.",Signaling with Reform: How the Threat of Corruption Prevents Informed Policy-making,AMERICAN POLITICAL SCIENCE REVIEW,2,10.1017/S0003055419000169,https://doi.org/10.1017/S0003055419000169,United States,1,United States,,,11579,19,882,12423,12.423,0.070997344,45,0,0,12000,1.03525,0.003622313
"Gailmard, Sean","Imperial Politics, English Law, and the Strategic Foundations of Constitutional Review in America",AMERICAN POLITICAL SCIENCE REVIEW,2,10.1017/S0003055419000212,https://doi.org/10.1017/S0003055419000212,United States,1,,,,15099,37,867,15892,15.892,0.054555751,119,18,0.151260504,12000,1.324333333,0.007488044
"Poama, Andrei; Theuns, Tom",Making Offenders Vote: Democratic Expressivism and Compulsory Criminal Voting,AMERICAN POLITICAL SCIENCE REVIEW,2,10.1017/S0003055419000297,https://doi.org/10.1017/S0003055419000297,Netherlands,0,Netherlands,,,11328,41,1264,12510,12.51,0.101039169,137,73,0.532846715,12000,1.0425,0.010951239
"Daifallah, Yasmeen",The Politics of Decolonial Interpretation: Tradition and Method in Contemporary Arab Thought,AMERICAN POLITICAL SCIENCE REVIEW,2,10.1017/S000305541900011X,https://doi.org/10.1017/S000305541900011X,United States,1,,,,10984,17,1452,12402,12.402,0.117077891,138,86,0.623188406,12000,1.0335,0.011127238
"Fossen, Thomas",Constructivism and the Logic of Political Representation,AMERICAN POLITICAL SCIENCE REVIEW,2,10.1017/S0003055419000273,https://doi.org/10.1017/S0003055419000273,Netherlands,0,,,,11786,5,869,12645,12.645,0.068722815,96,46,0.479166667,12000,1.05375,0.007591934
"Blair, Graeme; Cooper, Jasper; Coppock, Alexander; Humphreys, Macartan",Declaring and Diagnosing Research Designs,AMERICAN POLITICAL SCIENCE REVIEW,2,10.1017/S0003055419000194,https://doi.org/10.1017/S0003055419000194,United States,1,United States,"United States, Germany",,16400,19,1932,18294,18.294,0.105608396,125,8,0.064,12000,1.5245,0.006832841
"Lechler, Marie; Sunde, Uwe",Individual Life Horizon Influences Attitudes Toward Democracy,AMERICAN POLITICAL SCIENCE REVIEW,2,10.1017/S0003055419000200,https://doi.org/10.1017/S0003055419000200,Germany,0,Germany,,1,3848,12,833,4657,4.657,0.178870518,40,0,0,4000,1.16425,0.008589221
"Fariss, Christopher J.","Yes, Human Rights Practices Are Improving Over Time",AMERICAN POLITICAL SCIENCE REVIEW,2,10.1017/S000305541900025X,https://doi.org/10.1017/S000305541900025X,United States,1,,,1,7023,1,729,7750,7.75,0.094064516,118,5,0.042372881,4000,1.9375,0.015225806
"Weaver, Michael",Judge Lynch in the Court of Public Opinion: Publicity and the De-legitimation of Lynching,AMERICAN POLITICAL SCIENCE REVIEW,2,10.1017/S0003055418000886,https://doi.org/10.1017/S0003055418000886,Canada,0,,,,11764,13,1742,13480,13.48,0.129228487,190,15,0.078947368,12000,1.123333333,0.014094955
"White, Ariel",Misdemeanor Disenfranchisement? The Demobilizing Effects of Brief Jail Spells on Potential Voters,AMERICAN POLITICAL SCIENCE REVIEW,2,10.1017/S000305541800093X,https://doi.org/10.1017/S000305541800093X,United States,1,,,,9283,23,1228,10465,10.465,0.117343526,85,1,0.011764706,12000,0.872083333,0.008122312
"Carlson, Taylor N.",Through the Grapevine: Informational Consequences of Interpersonal Political Communication,AMERICAN POLITICAL SCIENCE REVIEW,2,10.1017/S000305541900008X,https://doi.org/10.1017/S000305541900008X,United States,1,,,,10905,12,1328,12209,12.209,0.108772217,93,0,0,12000,1.017416667,0.007617331
"Zelizer, Adam",Is Position-Taking Contagious? Evidence of Cue-Taking from Two Field Experiments in a State Legislature,AMERICAN POLITICAL SCIENCE REVIEW,2,10.1017/S0003055419000078,https://doi.org/10.1017/S0003055419000078,United States,1,,,,8238,24,1200,9390,9.39,0.127795527,89,1,0.011235955,12000,0.7825,0.009478168
"Enamorado, Ted; Fifield, Benjamin; Imai, Kosuke",Using a Probabilistic Model to Assist Merging of Large-Scale Administrative Records,AMERICAN POLITICAL SCIENCE REVIEW,2,10.1017/S0003055418000783,https://doi.org/10.1017/S0003055418000783,United States,1,United States,United States,,11622,18,1669,13255,13.255,0.125914749,108,0,0,12000,1.104583333,0.008147869
"Martin, Gregory J.; McCrain, Joshua",Local News and National Politics,AMERICAN POLITICAL SCIENCE REVIEW,2,10.1017/S0003055418000965,https://doi.org/10.1017/S0003055418000965,United States,1,United States,,,7947,26,1128,9023,9.023,0.125013854,65,0,0,12000,0.751916667,0.007203812
"Dorsch, Michael T.; Maarek, Paul",Democratization and the Conditional Dynamics of Income Distribution,AMERICAN POLITICAL SCIENCE REVIEW,2,10.1017/S0003055418000825,https://doi.org/10.1017/S0003055418000825,Hungary,0,France,,,11847,36,2089,13864,13.864,0.150678015,137,0,0,12000,1.155333333,0.009881708
"Fouka, Vasiliki",How Do Immigrants Respond to Discrimination? The Case of Germans in the US During World War I,AMERICAN POLITICAL SCIENCE REVIEW,2,10.1017/S0003055419000017,https://doi.org/10.1017/S0003055419000017,United States,1,,,,10084,10,2005,12069,12.069,0.166128097,104,0,0,12000,1.00575,0.008617118
"Charnysh, Volha","Diversity, Institutions, and Economic Outcomes: Post-WWII Displacement in Poland",AMERICAN POLITICAL SCIENCE REVIEW,2,10.1017/S0003055419000042,https://doi.org/10.1017/S0003055419000042,United States,1,,,,11885,18,1797,13646,13.646,0.131686941,120,19,0.158333333,12000,1.137166667,0.008793786
"Hangartner, Dominik; Dinas, Elias; Marbach, Moritz; Matakos, Konstantinos; Xefteris, Dimitrios",Does Exposure to the Refugee Crisis Make Natives More Hostile?,AMERICAN POLITICAL SCIENCE REVIEW,2,10.1017/S0003055418000813,https://doi.org/10.1017/S0003055418000813,Switzerland,0,Italy,"Switzerland, United Kingdom, Cyprus",,8298,10,1510,9788,9.788,0.154270535,88,0,0,12000,0.815666667,0.008990601
"Maxwell, Rahsaan",Cosmopolitan Immigration Attitudes in Large European Cities: Contextual or Compositional Effects?,AMERICAN POLITICAL SCIENCE REVIEW,2,10.1017/S0003055418000898,https://doi.org/10.1017/S0003055418000898,United States,1,,,,11076,38,1464,12464,12.464,0.11745828,71,0,0,12000,1.038666667,0.005696406
"Arias, Eric; Balan, Pablo; Larreguy, Horacio; Marshall, John; Querubin, Pablo","Information Provision, Voter Coordination, and Electoral Accountability: Evidence from Mexican Social Networks",AMERICAN POLITICAL SCIENCE REVIEW,2,10.1017/S0003055419000091,https://doi.org/10.1017/S0003055419000091,United States,1,United States,"United States, United States, United States",,12798,34,1181,13911,13.911,0.084896844,91,2,0.021978022,12000,1.15925,0.006541586
"Larsen, Martin Vinaes; Hjorth, Frederik; Dinesen, Peter Thisted; Sonderskov, Kim Mannemar",When Do Citizens Respond Politically to the Local Economy? Evidence from Registry Data on Local Housing Markets,AMERICAN POLITICAL SCIENCE REVIEW,2,10.1017/S0003055419000029,https://doi.org/10.1017/S0003055419000029,Denmark,0,Denmark,"Denmark, Denmark",,11660,12,2161,13797,13.797,0.156628253,129,2,0.015503876,12000,1.14975,0.009349859
"Mummolo, Jonathan; Peterson, Erik",Demand Effects in Survey Experiments: An Empirical Assessment,AMERICAN POLITICAL SCIENCE REVIEW,2,10.1017/S0003055418000837,https://doi.org/10.1017/S0003055418000837,United States,1,United States,,,7863,11,1414,9255,9.255,0.15278228,83,18,0.21686747,12000,0.77125,0.008968125
"Malesky, Edmund; Taussig, Markus","Participation, Government Legitimacy, and Regulatory Compliance in Emerging Economies: A Firm-Level Field Experiment in Vietnam",AMERICAN POLITICAL SCIENCE REVIEW,2,10.1017/S0003055418000849,https://doi.org/10.1017/S0003055418000849,United States,1,United States,,,12397,37,2297,14620,14.62,0.157113543,119,1,0.008403361,12000,1.218333333,0.008139535
"Reuter, Ora John; Szakonyi, David",Elite Defection under Autocracy: Evidence from Russia,AMERICAN POLITICAL SCIENCE REVIEW,2,10.1017/S0003055419000030,https://doi.org/10.1017/S0003055419000030,United States,1,United States,,,11863,31,1447,13248,13.248,0.109224034,98,10,0.102040816,12000,1.104,0.007397343
"Rozenas, Arturas; Zhukov, Yuri M.",Mass Repression and Political Loyalty: Evidence from Stalin's 'Terror by Hunger',AMERICAN POLITICAL SCIENCE REVIEW,2,10.1017/S0003055419000066,https://doi.org/10.1017/S0003055419000066,United States,1,United States,,,9766,31,2167,11871,11.871,0.1825457,147,30,0.204081633,12000,0.98925,0.012383119
"Lessing, Benjamin; Willis, Graham Denyer",Legitimacy in Criminal Governance: Managing a Drug Empire from Behind Bars,AMERICAN POLITICAL SCIENCE REVIEW,2,10.1017/S0003055418000928,https://doi.org/10.1017/S0003055418000928,United States,1,United Kingdom,,,13187,21,1135,14280,14.28,0.079481793,107,21,0.196261682,12000,1.19,0.007492997
"White, Ariel",Family Matters? Voting Behavior in Households with Criminal Justice Contact,AMERICAN POLITICAL SCIENCE REVIEW,2,10.1017/S0003055418000862,https://doi.org/10.1017/S0003055418000862,United States,1,,,1,3419,5,702,4111,4.111,0.170761372,42,0,0,4000,1.02775,0.010216492
"Morisi, Davide; Jost, John T.; Singh, Vishal","An Asymmetrical ""President-in-Power"" Effect",AMERICAN POLITICAL SCIENCE REVIEW,2,10.1017/S0003055418000850,https://doi.org/10.1017/S0003055418000850,Austria,0,United States,United States,1,3302,7,882,4170,4.17,0.211510791,48,10,0.208333333,4000,1.0425,0.011510791
"Hertel-Fernandez, Alexander; Mildenberger, Matto; Stokes, Leah C.",Legislative Staff and Representation in Congress,AMERICAN POLITICAL SCIENCE REVIEW,2,10.1017/S0003055418000606,https://doi.org/10.1017/S0003055418000606,United States,1,United States,United States,,11348,30,1151,12439,12.439,0.092531554,97,3,0.030927835,12000,1.036583333,0.007798055
"Malhotra, Neil; Monin, Benoit; Tomz, Michael",Does Private Regulation Preempt Public Regulation?,AMERICAN POLITICAL SCIENCE REVIEW,2,10.1017/S0003055418000679,https://doi.org/10.1017/S0003055418000679,United States,1,United States,United States,,10782,31,1358,12078,12.078,0.112435834,74,2,0.027027027,12000,1.0065,0.006126842
"Barber, Michael; Pope, Jeremy C.",Does Party Trump Ideology? Disentangling Party and Ideology in America,AMERICAN POLITICAL SCIENCE REVIEW,2,10.1017/S0003055418000795,https://doi.org/10.1017/S0003055418000795,United States,1,United States,,,11236,28,1459,12639,12.639,0.115436348,82,3,0.036585366,12000,1.05325,0.006487855
"Battaglini, Marco; Lai, Ernest K.; Lim, Wooyoung; Wang, Joseph Tao-Yi",The Informational Theory of Legislative Committees: An Experimental Analysis,AMERICAN POLITICAL SCIENCE REVIEW,2,10.1017/S000305541800059X,https://doi.org/10.1017/S000305541800059X,United States,1,United States,"Hong Kong, Taiwan",,13098,31,737,13773,13.773,0.053510492,180,0,0,12000,1.14775,0.013069048
"Dragu, Tiberiu; Przeworski, Adam",Preventive Repression: Two Types of Moral Hazard,AMERICAN POLITICAL SCIENCE REVIEW,2,10.1017/S0003055418000552,https://doi.org/10.1017/S0003055418000552,United States,1,United States,,,8834,13,1492,10300,10.3,0.144854369,94,5,0.053191489,12000,0.858333333,0.009126214
"Gottlieb, Jessica; Kosec, Katrina",The Countervailing Effects of Competition on Public Goods Provision: When Bargaining Inefficiencies Lead to Bad Outcomes,AMERICAN POLITICAL SCIENCE REVIEW,2,10.1017/S0003055418000667,https://doi.org/10.1017/S0003055418000667,United States,1,United States,,,12453,41,1713,14084,14.084,0.121627379,82,1,0.012195122,12000,1.173666667,0.00582221
"Lindgren, Karl-Oskar; Oskarsson, Sven; Persson, Mikael",Enhancing Electoral Equality: Can Education Compensate for Family Background Differences in Voting Participation?,AMERICAN POLITICAL SCIENCE REVIEW,2,10.1017/S0003055418000746,https://doi.org/10.1017/S0003055418000746,Sweden,0,Sweden,Sweden,,10071,25,1046,11067,11.067,0.094515225,73,6,0.082191781,12000,0.92225,0.006596187
"Harris, J. Andrew; Posner, Daniel N.",(Under What Conditions) Do Politicians Reward Their Supporters? Evidence from Kenya's Constituencies Development Fund,AMERICAN POLITICAL SCIENCE REVIEW,2,10.1017/S0003055418000709,https://doi.org/10.1017/S0003055418000709,United Arab Emirates,1,United States,,,11442,35,2130,13502,13.502,0.157754407,116,2,0.017241379,12000,1.125166667,0.00859132
"Young, Lauren E.",The Psychology of State Repression: Fear and Dissent Decisions in Zimbabwe,AMERICAN POLITICAL SCIENCE REVIEW,2,10.1017/S000305541800076X,https://doi.org/10.1017/S000305541800076X,United States,1,,,,11034,18,1858,12856,12.856,0.144523958,105,7,0.066666667,12000,1.071333333,0.008167393
"Katagiri, Azusa; Min, Eric",The Credibility of Public and Private Signals: A Document-Based Approach,AMERICAN POLITICAL SCIENCE REVIEW,2,10.1017/S0003055418000643,https://doi.org/10.1017/S0003055418000643,Singapore,0,United States,,,10285,40,1828,12033,12.033,0.151915566,112,5,0.044642857,12000,1.00275,0.009307737
"Mitts, Tamar",From Isolation to Radicalization: Anti-Muslim Hostility and Support for ISIS in the West,AMERICAN POLITICAL SCIENCE REVIEW,2,10.1017/S0003055418000618,https://doi.org/10.1017/S0003055418000618,United States,1,,,,11385,43,2041,13340,13.34,0.152998501,113,0,0,12000,1.111666667,0.008470765
"Lesch, Charles H. T.",Theopolitics Contra Political Theology: Martin Buber's Biblical Critique of Carl Schmitt,AMERICAN POLITICAL SCIENCE REVIEW,2,10.1017/S0003055418000680,https://doi.org/10.1017/S0003055418000680,United States,1,,,,11590,29,1881,13413,13.413,0.140237083,199,98,0.492462312,12000,1.11775,0.014836353
"Grosser, Jens; Palfrey, Thomas R.",Candidate Entry and Political Polarization: An Experimental Study,AMERICAN POLITICAL SCIENCE REVIEW,2,10.1017/S0003055418000631,https://doi.org/10.1017/S0003055418000631,United States,1,United States,,,11064,28,1008,12016,12.016,0.083888149,65,1,0.015384615,12000,1.001333333,0.005409454
"Searing, Donald D.; Jacoby, William G.; Tyner, Andrew H.",The Endurance of Politicians' Values Over Four Decades: A Panel Study,AMERICAN POLITICAL SCIENCE REVIEW,2,10.1017/S0003055418000692,https://doi.org/10.1017/S0003055418000692,United States,1,United States,United States,,10196,6,1852,12036,12.036,0.153871718,116,3,0.025862069,12000,1.003,0.009637753
"Fortunato, David",Legislative Review and Party Differentiation in Coalition Governments,AMERICAN POLITICAL SCIENCE REVIEW,2,10.1017/S000305541800062X,https://doi.org/10.1017/S000305541800062X,United States,1,,,1,4147,10,433,4560,4.56,0.09495614,27,0,0,4000,1.14,0.005921053
"Singh, Shane P.; Thornton, Judd R.",Elections Activate Partisanship across Countries,AMERICAN POLITICAL SCIENCE REVIEW,2,10.1017/S0003055418000722,https://doi.org/10.1017/S0003055418000722,United States,1,United States,,1,2986,6,1131,4105,4.105,0.275517661,49,1,0.020408163,4000,1.02625,0.011936663
"Cavaille, Charlotte; Marshall, John",Education and Anti-Immigration Attitudes: Evidence from Compulsory Schooling Reforms across Western Europe,AMERICAN POLITICAL SCIENCE REVIEW,2,10.1017/S0003055418000588,https://doi.org/10.1017/S0003055418000588,United States,1,United States,,1,4051,8,452,4487,4.487,0.100735458,32,2,0.0625,4000,1.12175,0.007131714
"Ward, Dalston G.",Public Attitudes toward Young Immigrant Men,AMERICAN POLITICAL SCIENCE REVIEW,2,10.1017/S0003055418000710,https://doi.org/10.1017/S0003055418000710,Switzerland,0,,,1,3606,16,492,4066,4.066,0.121003443,29,0,0,4000,1.0165,0.007132317
"Hobbs, William; Lajevardi, Nazita",Effects of Divisive Political Campaigns on the Day-to-Day Segregation of Arab and Muslim Americans,AMERICAN POLITICAL SCIENCE REVIEW,2,10.1017/S0003055418000801,https://doi.org/10.1017/S0003055418000801,United States,1,United States,,1,4527,18,1015,5506,5.506,0.184344352,54,0,0,4000,1.3765,0.009807483
"Diermeier, Daniel; Li, Christopher",Partisan Affect and Elite Polarization,AMERICAN POLITICAL SCIENCE REVIEW,2,10.1017/S0003055418000655,https://doi.org/10.1017/S0003055418000655,United States,1,United States,,1,3199,15,938,4107,4.107,0.228390553,49,2,0.040816327,4000,1.02675,0.01193085
"Eguia, Jon X.; Giovannoni, Francesco",Tactical Extremism,AMERICAN POLITICAL SCIENCE REVIEW,2,10.1017/S0003055418000758,https://doi.org/10.1017/S0003055418000758,United States,1,United Kingdom,,1,3634,5,422,4046,4.046,0.104300544,19,0,0,4000,1.0115,0.004695996
"Valentino, Nicholas A.; Soroka, Stuart N.; Iyengar, Shanto; Aalberg, Toril; Duch, Raymond; Fraile, Marta; Hahn, Kyu S.; Hansen, Kasper M.; Harell, Allison; Helbling, Marc; Jackman, Simon D.; Kobayashi, Tetsuro",Economic and Cultural Drivers of Immigrant Support Worldwide,BRITISH JOURNAL OF POLITICAL SCIENCE,3,10.1017/S000712341700031X,https://doi.org/10.1017/S000712341700031X,United States,1,United States,"Norway, United Kingdom, Spain, South Korea, Denmark, Canada, Germany, Australia, Hong Kong",,8559,56,1591,10038,10.038,0.158497709,83,0,0,10000,1.0038,0.008268579
"Shami, Mahvish","Connectivity, Clientelism and Public Provision",BRITISH JOURNAL OF POLITICAL SCIENCE,3,10.1017/S0007123417000254,https://doi.org/10.1017/S0007123417000254,United Kingdom,0,,,,10221,88,1281,11326,11.326,0.113102596,104,4,0.038461538,10000,1.1326,0.009182412
"Hollyer, James R.; Rosendorff, B. Peter; Vreeland, James Raymond","Transparency, Protest and Democratic Stability",BRITISH JOURNAL OF POLITICAL SCIENCE,3,10.1017/S0007123417000308,https://doi.org/10.1017/S0007123417000308,United States,1,United States,United States,,11302,81,1653,12793,12.793,0.129211287,129,4,0.031007752,10000,1.2793,0.010083639
"Mildenberger, Matto; Tingley, Dustin",Beliefs about Climate Beliefs: The Importance of Second-Order Opinions for Climate Politics,BRITISH JOURNAL OF POLITICAL SCIENCE,3,10.1017/S0007123417000321,https://doi.org/10.1017/S0007123417000321,United States,1,United States,,,11386,107,2895,14067,14.067,0.20580081,165,1,0.006060606,10000,1.4067,0.01172958
"Kellstedt, Paul M.; Ramirez, Mark D.; Vedlitz, Arnold; Zahran, Sammy",Does Political Sophistication Minimize Value Conflict? Evidence from a Heteroskedastic Graded IRT Model of Opinions toward Climate Change,BRITISH JOURNAL OF POLITICAL SCIENCE,3,10.1017/S0007123417000369,https://doi.org/10.1017/S0007123417000369,United States,1,United States,"United States, United States",,9879,68,1455,11198,11.198,0.129933917,99,5,0.050505051,10000,1.1198,0.008840864
"Bechtel, Michael M.; Genovese, Federica; Scheve, Kenneth F.","Interests, Norms and Support for the Provision of Global Public Goods: The Case of Climate Co-operation",BRITISH JOURNAL OF POLITICAL SCIENCE,3,10.1017/S0007123417000205,https://doi.org/10.1017/S0007123417000205,United States,1,United Kingdom,United States,,10109,59,1638,11629,11.629,0.14085476,79,2,0.025316456,10000,1.1629,0.006793361
"Carnegie, Allison; Samii, Cyrus",International Institutions and Political Liberalization: Evidence from the World Bank Loans Program,BRITISH JOURNAL OF POLITICAL SCIENCE,3,10.1017/S0007123417000187,https://doi.org/10.1017/S0007123417000187,United States,1,United States,,,9878,81,2361,12077,12.077,0.19549557,130,10,0.076923077,10000,1.2077,0.010764263
"O'grady, Tom",How do Economic Circumstances Determine Preferences? Evidence from Long-run Panel Data,BRITISH JOURNAL OF POLITICAL SCIENCE,3,10.1017/S0007123417000242,https://doi.org/10.1017/S0007123417000242,United Kingdom,0,,,,11031,39,1370,12323,12.323,0.111174227,71,4,0.056338028,10000,1.2323,0.005761584
"Bernardi, Luca; Adams, James","Does Government Support Respond to Governments' Social Welfare Rhetoric or their Spending? An Analysis of Government Support in Britain, Spain and the United States",BRITISH JOURNAL OF POLITICAL SCIENCE,3,10.1017/S0007123417000199,https://doi.org/10.1017/S0007123417000199,United Kingdom,0,United States,,,9839,82,1535,11210,11.21,0.136931311,98,1,0.010204082,10000,1.121,0.008742194
"Dasandi, Niheer; Erez, Lior",The Donor's Dilemma: International Aid and Human Rights Violations,BRITISH JOURNAL OF POLITICAL SCIENCE,3,10.1017/S0007123417000229,https://doi.org/10.1017/S0007123417000229,United Kingdom,0,Italy,,,10407,72,1896,12159,12.159,0.155933876,121,27,0.223140496,10000,1.2159,0.009951476
"Appel, Benjamin J.; Prorok, Alyssa K.",Third-Party Actors and the Intentional Targeting of Civilians in War,BRITISH JOURNAL OF POLITICAL SCIENCE,3,10.1017/S0007123417000175,https://doi.org/10.1017/S0007123417000175,United States,1,United States,,,10792,94,1212,11816,11.816,0.102572783,125,15,0.12,10000,1.1816,0.010578876
"Malang, Thomas; Brandenberger, Laurence; Leifeld, Philip",Networks and Social Influence in European Legislative Politics,BRITISH JOURNAL OF POLITICAL SCIENCE,3,10.1017/S0007123417000217,https://doi.org/10.1017/S0007123417000217,Germany,0,Switzerland,United Kingdom,,10152,83,1851,11837,11.837,0.156374081,102,9,0.088235294,10000,1.1837,0.008617048
"Borz, Gabriela; De Miguel, Carolina",Organizational and Ideological Strategies for Nationalization: Evidence from European Parties,BRITISH JOURNAL OF POLITICAL SCIENCE,3,10.1017/S000712341700028X,https://doi.org/10.1017/S000712341700028X,United Kingdom,0,Canada,,,11504,88,1727,13055,13.055,0.13228648,117,17,0.145299145,10000,1.3055,0.008962083
"Newman, Benjamin J.; Hartman, Todd K.",Mass Shootings and Public Support for Gun Control,BRITISH JOURNAL OF POLITICAL SCIENCE,3,10.1017/S0007123417000333,https://doi.org/10.1017/S0007123417000333,United States,1,United Kingdom,,,11078,85,2270,13178,13.178,0.172256792,106,2,0.018867925,10000,1.3178,0.008043709
"Karim, Sabrina",Restoring Confidence in Post-Conflict Security Sectors: Survey Evidence from Liberia on Female Ratio Balancing Reforms,BRITISH JOURNAL OF POLITICAL SCIENCE,3,10.1017/S0007123417000035,https://doi.org/10.1017/S0007123417000035,United States,1,,,,9435,104,1861,11088,11.088,0.167839105,136,6,0.044117647,10000,1.1088,0.012265512
"Dahlstrom, Carl; Holmgren, Mikael",The Political Dynamics of Bureaucratic Turnover,BRITISH JOURNAL OF POLITICAL SCIENCE,3,10.1017/S0007123417000230,https://doi.org/10.1017/S0007123417000230,Sweden,0,Sweden,,,6040,37,857,6823,6.823,0.125604573,40,2,0.05,10000,0.6823,0.005862524
"Jensen, Kristian Kriegbaum; Mouritsen, Per",Nationalism in a Liberal Register: Beyond the 'Paradox of Universalism' in Immigrant Integration Politics,BRITISH JOURNAL OF POLITICAL SCIENCE,3,10.1017/S0007123416000806,https://doi.org/10.1017/S0007123416000806,Denmark,0,Denmark,,,8545,103,2263,10602,10.602,0.213450292,163,72,0.441717791,10000,1.0602,0.015374458
"Frye, Timothy; Reuter, Ora John; Szakonyi, David",Hitting Them With Carrots: Voter Intimidation and Vote Buying in Russia,BRITISH JOURNAL OF POLITICAL SCIENCE,3,10.1017/S0007123416000752,https://doi.org/10.1017/S0007123416000752,United States,1,United States,United States,,10221,65,1173,11264,11.264,0.104137074,92,0,0,10000,1.1264,0.008167614
"Buckles, Grant T.",Internal Opposition Dynamics and Restraints on Authoritarian Control,BRITISH JOURNAL OF POLITICAL SCIENCE,3,10.1017/S0007123417000126,https://doi.org/10.1017/S0007123417000126,United States,1,,,,8008,42,1282,9206,9.206,0.139257006,79,5,0.063291139,10000,0.9206,0.00858136
"Horowitz, Jeremy",Ethnicity and the Swing Vote in Africa's Emerging Democracies: Evidence from Kenya,BRITISH JOURNAL OF POLITICAL SCIENCE,3,10.1017/S0007123417000011,https://doi.org/10.1017/S0007123417000011,United States,1,,,,9468,61,1536,10882,10.882,0.141150524,112,4,0.035714286,10000,1.0882,0.010292226
"Dewan, Torun; Hortala-Vallve, Rafael","Electoral Competition, Control and Learning",BRITISH JOURNAL OF POLITICAL SCIENCE,3,10.1017/S0007123416000764,https://doi.org/10.1017/S0007123416000764,United Kingdom,0,United Kingdom,,,8277,36,725,8930,8.93,0.08118701,36,0,0,10000,0.893,0.004031355
"Stoetzer, Lukas F.",A Matter of Representation: Spatial Voting and Inconsistent Policy Preferences,BRITISH JOURNAL OF POLITICAL SCIENCE,3,10.1017/S0007123417000102,https://doi.org/10.1017/S0007123417000102,Switzerland,0,,,,7367,54,1181,8440,8.44,0.13992891,74,7,0.094594595,10000,0.844,0.008767773
"Homola, Jonathan",Are Parties Equally Responsive to Women and Men?,BRITISH JOURNAL OF POLITICAL SCIENCE,3,10.1017/S0007123417000114,https://doi.org/10.1017/S0007123417000114,United States,1,,,,7714,64,2068,9654,9.654,0.214211726,149,4,0.026845638,10000,0.9654,0.015434017
"Fernandez-Vazquez, Pablo; Somer-Topcu, Zeynep",The Informational Role of Party Leader Changes on Voter Perceptions of Party Positions,BRITISH JOURNAL OF POLITICAL SCIENCE,3,10.1017/S0007123417000047,https://doi.org/10.1017/S0007123417000047,Spain,0,United States,,,8887,76,1994,10729,10.729,0.185851431,128,0,0,10000,1.0729,0.011930282
"Kane, John, V; Newman, Benjamin J.","Organized Labor as the New Undeserving Rich?: Mass Media, Class-Based Anti-Union Rhetoric and Public Support for Unions in the United States",BRITISH JOURNAL OF POLITICAL SCIENCE,3,10.1017/S000712341700014X,https://doi.org/10.1017/S000712341700014X,United States,1,United States,,,11754,109,2173,13709,13.709,0.158509009,135,8,0.059259259,10000,1.3709,0.009847545
"Ziller, Conrad; Helbling, Marc","Antidiscrimination Laws, Policy Knowledge and Political Support",BRITISH JOURNAL OF POLITICAL SCIENCE,3,10.1017/S0007123417000163,https://doi.org/10.1017/S0007123417000163,Germany,0,Germany,,,7343,67,1655,8864,8.864,0.186710289,91,14,0.153846154,10000,0.8864,0.010266245
"Malka, Ariel; Lelkes, Yphtach; Soto, Christopher J.",Are Cultural and Economic Conservatism Positively Correlated? A Large-Scale Cross-National Test,BRITISH JOURNAL OF POLITICAL SCIENCE,3,10.1017/S0007123417000072,https://doi.org/10.1017/S0007123417000072,United States,1,United States,United States,,8817,94,2716,11345,11.345,0.239400617,198,5,0.025252525,10000,1.1345,0.017452622
"Hovi, Jon; Sprinz, Detlef F.; Saelen, Hakon; Underdal, Arild",The Club Approach: A Gateway to Effective Climate Co-operation?,BRITISH JOURNAL OF POLITICAL SCIENCE,3,10.1017/S0007123416000788,https://doi.org/10.1017/S0007123416000788,Norway,0,Germany,Norway,,10373,80,1594,11807,11.807,0.135004658,89,6,0.06741573,10000,1.1807,0.007537901
"Weschle, Simon",The Impact of Economic Crises on Political Representation in Public Communication: Evidence from the Eurozone,BRITISH JOURNAL OF POLITICAL SCIENCE,3,10.1017/S0007123417000023,https://doi.org/10.1017/S0007123417000023,United States,1,,,,8557,66,1716,10141,10.141,0.169214082,105,1,0.00952381,10000,1.0141,0.010354008
"Baekgaard, Martin; Christensen, Julian; Dahlmann, Casper Mondrup; Mathiasen, Asbjorn; Petersen, Niels Bjorn Grund",The Role of Evidence in Politics: Motivated Reasoning and Persuasion among Politicians,BRITISH JOURNAL OF POLITICAL SCIENCE,3,10.1017/S0007123417000084,https://doi.org/10.1017/S0007123417000084,Denmark,0,Denmark,"Denmark, Denmark, Denmark",,8702,48,1026,9632,9.632,0.106519934,75,11,0.146666667,10000,0.9632,0.007786545
"Harteveld, Eelco; Dahlberg, Stefan; Kokkonen, Andrej; Van der Brug, Wouter",Gender Differences in Vote Choice: Social Cues and Social Harmony as Heuristics,BRITISH JOURNAL OF POLITICAL SCIENCE,3,10.1017/S0007123417000138,https://doi.org/10.1017/S0007123417000138,Netherlands,0,Norway,"Denmark, Netherlands",,9551,60,1563,10994,10.994,0.142168456,100,6,0.06,10000,1.0994,0.00909587
"Ojeda, Christopher; Pacheco, Julianna",Health and Voting in Young Adulthood,BRITISH JOURNAL OF POLITICAL SCIENCE,3,10.1017/S0007123417000151,https://doi.org/10.1017/S0007123417000151,United States,1,United States,,,8957,80,1531,10328,10.328,0.1482378,93,5,0.053763441,10000,1.0328,0.009004648
"Guinaudeau, Isabelle; Schnatterer, Tinette",Measuring Public Support for European Integration across Time and Countries: The 'European Mood' Indicator,BRITISH JOURNAL OF POLITICAL SCIENCE,3,10.1017/S0007123416000776,https://doi.org/10.1017/S0007123416000776,France,0,Germany,,2,4719,42,1175,5810,5.81,0.202237522,60,4,0.066666667,10000,0.581,0.010327022
"Jones, Benjamin T.; Mattiacci, Eleonora","A Manifesto, in 140 Characters or Fewer: Social Media as a Tool of Rebel Diplomacy",BRITISH JOURNAL OF POLITICAL SCIENCE,3,10.1017/S0007123416000612,https://doi.org/10.1017/S0007123416000612,United States,1,United States,,,10982,95,1324,12116,12.116,0.109276989,101,29,0.287128713,10000,1.2116,0.008336085
"Condra, Luke N.; Isaqzadeh, Mohammad; Linardi, Sera",Clerics and Scriptures: Experimentally Disentangling the Influence of Religious Authority in Afghanistan,BRITISH JOURNAL OF POLITICAL SCIENCE,3,10.1017/S0007123416000569,https://doi.org/10.1017/S0007123416000569,United States,1,United States,United States,,8193,85,2092,10115,10.115,0.206821552,121,13,0.107438017,10000,1.0115,0.011962432
"McCauley, John F.; Posner, Daniel N.",The Political Sources of Religious Identification: Evidence from the Burkina Faso-Cote d'Ivoire Border,BRITISH JOURNAL OF POLITICAL SCIENCE,3,10.1017/S0007123416000594,https://doi.org/10.1017/S0007123416000594,United States,1,United States,,,9188,86,1234,10250,10.25,0.120390244,82,9,0.109756098,10000,1.025,0.008
"Green, Jane; Jennings, Will",Party Reputations and Policy Priorities: How Issue Ownership Shapes Executive and Legislative Agendas,BRITISH JOURNAL OF POLITICAL SCIENCE,3,10.1017/S0007123416000636,https://doi.org/10.1017/S0007123416000636,United Kingdom,0,United Kingdom,,,10218,94,1505,11535,11.535,0.130472475,138,3,0.02173913,10000,1.1535,0.011963589
"Peskowitz, Zachary",Ideological Signaling and Incumbency Advantage,BRITISH JOURNAL OF POLITICAL SCIENCE,3,10.1017/S0007123416000557,https://doi.org/10.1017/S0007123416000557,United States,1,,,,9046,61,1069,9993,9.993,0.106974882,61,0,0,10000,0.9993,0.006104273
"Hoyland, Bjorn; Hobolt, Sara B.; Hix, Simon",Career Ambitions and Legislative Participation: The Moderating Effect of Electoral Institutions,BRITISH JOURNAL OF POLITICAL SCIENCE,3,10.1017/S0007123416000697,https://doi.org/10.1017/S0007123416000697,Norway,0,United Kingdom,United Kingdom,,7933,52,1270,9099,9.099,0.139575778,94,1,0.010638298,10000,0.9099,0.010330806
"Matthews, J. Scott",Issue Priming Revisited: Susceptible Voters and Detectable Effects,BRITISH JOURNAL OF POLITICAL SCIENCE,3,10.1017/S0007123416000715,https://doi.org/10.1017/S0007123416000715,Canada,0,,,,8498,70,858,9216,9.216,0.093098958,78,24,0.307692308,10000,0.9216,0.008463542
"Voessing, Konstantin; Weber, Till",Information Behavior and Political Preferences,BRITISH JOURNAL OF POLITICAL SCIENCE,3,10.1017/S0007123416000600,https://doi.org/10.1017/S0007123416000600,Germany,0,United States,,,10963,71,1179,12000,12,0.09825,106,0,0,10000,1.2,0.008833333
"Lucardi, Adrian",The Effect of District Magnitude on Electoral Outcomes: Evidence from Two Natural Experiments in Argentina,BRITISH JOURNAL OF POLITICAL SCIENCE,3,10.1017/S0007123416000740,https://doi.org/10.1017/S0007123416000740,Mexico,0,,,,8606,79,1576,10024,10.024,0.157222666,146,4,0.02739726,10000,1.0024,0.014565044
"Wong, Stan Hok-Wui",Gerrymandering in Electoral Autocracies: Evidence from Hong Kong,BRITISH JOURNAL OF POLITICAL SCIENCE,3,10.1017/S0007123416000685,https://doi.org/10.1017/S0007123416000685,Hong Kong,0,,,,12900,86,1238,13966,13.966,0.088643849,78,4,0.051282051,10000,1.3966,0.005584992
"Huang, Haifeng; Yeh, Yao-Yuan","Information from Abroad: Foreign Media, Selective Exposure and Political Support in China",BRITISH JOURNAL OF POLITICAL SCIENCE,3,10.1017/S0007123416000739,https://doi.org/10.1017/S0007123416000739,United States,1,United States,,,11494,81,1853,13185,13.185,0.140538491,112,2,0.017857143,10000,1.3185,0.008494501
"Hadden, Jennifer; Jasny, Lorien",The Power of Peers: How Transnational Advocacy Networks Shape NGO Strategies on Climate Change,BRITISH JOURNAL OF POLITICAL SCIENCE,3,10.1017/S0007123416000582,https://doi.org/10.1017/S0007123416000582,United States,1,United Kingdom,,,9268,95,2647,11725,11.725,0.22575693,186,15,0.080645161,10000,1.1725,0.015863539
"Fairbrother, Malcolm","When Will People Pay to Pollute? Environmental Taxes, Political Trust and Experimental Evidence from Britain",BRITISH JOURNAL OF POLITICAL SCIENCE,3,10.1017/S0007123416000727,https://doi.org/10.1017/S0007123416000727,United Kingdom,0,,,,8839,80,1918,10597,10.597,0.180994621,124,26,0.209677419,10000,1.0597,0.011701425
"Bailey, David J.; Shibata, Saori",Austerity and Anti-Austerity: The Political Economy of Refusal in 'Low-Resistance' Models of Capitalism,BRITISH JOURNAL OF POLITICAL SCIENCE,3,10.1017/S0007123416000624,https://doi.org/10.1017/S0007123416000624,United Kingdom,0,Netherlands,,,11192,99,2146,13140,13.14,0.163318113,109,14,0.128440367,10000,1.314,0.008295282
"Pierskalla, Jan; De Juan, Alexander; Montgomery, Max",The Territorial Expansion of the Colonial State: Evidence from German East Africa 1890-1909,BRITISH JOURNAL OF POLITICAL SCIENCE,3,10.1017/S0007123416000648,https://doi.org/10.1017/S0007123416000648,United States,1,Germany,Germany,,11654,105,1806,13250,13.25,0.136301887,146,8,0.054794521,10000,1.325,0.011018868
"Herzog, Lisa; Zacka, Bernardo",Fieldwork in Political Theory: Five Arguments for an Ethnographic Sensibility,BRITISH JOURNAL OF POLITICAL SCIENCE,3,10.1017/S0007123416000703,https://doi.org/10.1017/S0007123416000703,Germany,0,United Kingdom,,,11159,76,1725,12732,12.732,0.135485391,119,29,0.243697479,10000,1.2732,0.009346528
"Fortunato, David; Martin, Lanny W.; Vanberg, Georg",Committee Chairs and Legislative Review in Parliamentary Democracies,BRITISH JOURNAL OF POLITICAL SCIENCE,3,10.1017/S0007123416000673,https://doi.org/10.1017/S0007123416000673,United States,1,Italy,United States,2,6742,43,838,7494,7.494,0.111822792,80,8,0.1,10000,0.7494,0.010675207
"Mansfield, Edward D.; Mutz, Diana C.; Brackbill, Devon",Effects of the Great Recession on American Attitudes Toward Trade,BRITISH JOURNAL OF POLITICAL SCIENCE,3,10.1017/S0007123416000405,https://doi.org/10.1017/S0007123416000405,United States,1,United States,United States,,9319,69,1842,11023,11.023,0.167105144,96,8,0.083333333,10000,1.1023,0.008709063
"Pamuk, Zeynep",The British Academy Brian Barry Prize Essay Justifying Public Funding for Science,BRITISH JOURNAL OF POLITICAL SCIENCE,3,10.1017/S0007123418000431,https://doi.org/10.1017/S0007123418000431,United Kingdom,0,,,,9530,14,940,10442,10.442,0.090021069,66,18,0.272727273,10000,1.0442,0.006320628
"Grasso, Maria Teresa; Farrall, Stephen; Gray, Emily; Will, Colin Hay; Jennings, Will","Thatcher's Children, Blair's Babies, Political Socialization and Trickle-down Value Change: An Age, Period and Cohort Analysis",BRITISH JOURNAL OF POLITICAL SCIENCE,3,10.1017/S0007123416000375,https://doi.org/10.1017/S0007123416000375,United Kingdom,0,United Kingdom,"United Kingdom, France, United Kingdom",,7198,60,1572,8650,8.65,0.181734104,102,1,0.009803922,10000,0.865,0.011791908
"Fortunato, David",The Electoral Implications of Coalition Policy Making,BRITISH JOURNAL OF POLITICAL SCIENCE,3,10.1017/S0007123416000430,https://doi.org/10.1017/S0007123416000430,United States,1,,,,10020,80,1598,11458,11.458,0.139465875,101,8,0.079207921,10000,1.1458,0.008814802
"Jurado, Ignacio; Leon, Sandra",Geography Matters: The Conditional Effect of Electoral Systems on Social Spending,BRITISH JOURNAL OF POLITICAL SCIENCE,3,10.1017/S0007123416000338,https://doi.org/10.1017/S0007123416000338,United Kingdom,0,United Kingdom,,,8044,72,1639,9539,9.539,0.171820946,103,2,0.019417476,10000,0.9539,0.010797778
"Campbell, Rosie; Cowley, Philip; Vivyan, Nick; Wagner, Markus",Legislator Dissent as a Valence Signal,BRITISH JOURNAL OF POLITICAL SCIENCE,3,10.1017/S0007123416000223,https://doi.org/10.1017/S0007123416000223,United Kingdom,0,United Kingdom,"United Kingdom, Austria",,10519,80,1280,11639,11.639,0.109975084,124,15,0.120967742,10000,1.1639,0.010653836
"Asunka, Joseph; Brierley, Sarah; Golden, Miriam; Kramon, Eric; Ofosu, George",Electoral Fraud or Violence: The Effect of Observers on Party Manipulation Strategies,BRITISH JOURNAL OF POLITICAL SCIENCE,3,10.1017/S0007123416000491,https://doi.org/10.1017/S0007123416000491,United States,1,United States,"United States, United States, United States",,10793,84,1010,11635,11.635,0.086807048,103,3,0.029126214,10000,1.1635,0.0088526
"Bornschier, Simon","Historical Polarization and Representation in South American Party Systems, 1900-1990",BRITISH JOURNAL OF POLITICAL SCIENCE,3,10.1017/S0007123416000387,https://doi.org/10.1017/S0007123416000387,Switzerland,0,,,,11257,114,2336,13365,13.365,0.174784886,195,75,0.384615385,10000,1.3365,0.014590348
"Stadelmann, David; Portmann, Marco; Eichenberger, Reiner",Preference Representation and the Influence of Political Parties in Majoritarian vs. Proportional Systems: An Empirical Test,BRITISH JOURNAL OF POLITICAL SCIENCE,3,10.1017/S0007123416000399,https://doi.org/10.1017/S0007123416000399,Germany,0,Switzerland,Switzerland,,9584,48,1273,10761,10.761,0.118297556,104,0,0,10000,1.0761,0.009664529
"Hawkins, Darren; Brook, Lucas C.; Hansen, Ian M.; Hoopes, Neal A.; Tidwell, Taylor R.",Do Citizens See Through Transparency? Evidence from Survey Experiments in Peru,BRITISH JOURNAL OF POLITICAL SCIENCE,3,10.1017/S0007123416000466,https://doi.org/10.1017/S0007123416000466,United States,1,United States,"United States, United States, United States",,10870,101,1917,12585,12.585,0.152324196,137,38,0.277372263,10000,1.2585,0.010885975
"Nathan, Noah L.","Does Participation Reinforce Patronage? Policy Preferences, Turnout and Class in Urban Ghana",BRITISH JOURNAL OF POLITICAL SCIENCE,3,10.1017/S0007123416000351,https://doi.org/10.1017/S0007123416000351,United States,1,,,,12791,110,1704,14275,14.275,0.119369527,128,0,0,10000,1.4275,0.008966725
"Sorensen, Rune J.",The Impact of State Television on Voter Turnout,BRITISH JOURNAL OF POLITICAL SCIENCE,3,10.1017/S000712341600048X,https://doi.org/10.1017/S000712341600048X,Norway,0,,,,8861,60,1080,9821,9.821,0.109968435,79,7,0.088607595,10000,0.9821,0.008043987
"Bhatti, Yosef; Dahlgaard, Jens Olav; Hansen, Jonas Hedegaard; Hansen, Kasper M.",Is Door-to-Door Canvassing Effective in Europe? Evidence from a Meta-study across Six European Countries,BRITISH JOURNAL OF POLITICAL SCIENCE,3,10.1017/S0007123416000521,https://doi.org/10.1017/S0007123416000521,Denmark,0,Denmark,"Denmark, Denmark",,4493,42,997,5406,5.406,0.184424713,56,7,0.125,10000,0.5406,0.010358861
"Esaiasson, Peter; Persson, Mikael; Gilljam, Mikael; Lindholm, Torun",Reconsidering the Role of Procedures for Decision Acceptance,BRITISH JOURNAL OF POLITICAL SCIENCE,3,10.1017/S0007123416000508,https://doi.org/10.1017/S0007123416000508,Sweden,0,Sweden,"Sweden, Sweden",,7648,57,1957,9491,9.491,0.206195343,86,9,0.104651163,10000,0.9491,0.009061216
"Kleine, Mareike; Minaudier, Clement",Negotiating under Political Uncertainty: National Elections and the Dynamics of International Co-operation,BRITISH JOURNAL OF POLITICAL SCIENCE,3,10.1017/S000712341600051X,https://doi.org/10.1017/S000712341600051X,United Kingdom,0,United Kingdom,,,10461,62,1424,11761,11.761,0.12107814,78,43,0.551282051,10000,1.1761,0.006632089
"Owsiak, Andrew P.; Vasquez, John A.",The Cart and the Horse Redux: The Timing of Border Settlement and Joint Democracy,BRITISH JOURNAL OF POLITICAL SCIENCE,3,10.1017/S0007123416000533,https://doi.org/10.1017/S0007123416000533,United States,1,United States,,,7470,71,1068,8396,8.396,0.12720343,107,11,0.102803738,10000,0.8396,0.012744164
"Rohrschneider, Robert; Whitefield, Stephen",Critical Parties: How Parties Evaluate the Performance of Democracies,BRITISH JOURNAL OF POLITICAL SCIENCE,3,10.1017/S0007123416000545,https://doi.org/10.1017/S0007123416000545,United States,1,United Kingdom,,,9828,70,1413,11101,11.101,0.12728583,98,8,0.081632653,10000,1.1101,0.008828034
"Sudulich, Laura; Trumm, Siim",A Comparative Study of the Effects of Electoral Institutions on Campaigns,BRITISH JOURNAL OF POLITICAL SCIENCE,3,10.1017/S0007123416000570,https://doi.org/10.1017/S0007123416000570,United Kingdom,0,United Kingdom,,,7439,48,991,8334,8.334,0.118910487,57,2,0.035087719,10000,0.8334,0.006839453
"Kalyanpur, Nikhil; Newman, Abraham L.",Mobilizing Market Power: Jurisdictional Expansion as Economic Statecraft,INTERNATIONAL ORGANIZATION,4,10.1017/S0020818318000334,https://doi.org/10.1017/S0020818318000334,United States,1,United States,,,11541,117,2314,13621,13.621,0.169884737,174,3,0.017241379,14000,0.972928571,0.012774392
"Lipscy, Phillip Y.; Lee, Haillie Na-Kyung","The IMF As a Biased Global Insurance Mechanism: Asymmetrical Moral Hazard, Reserve Accumulation, and Financial Crises",INTERNATIONAL ORGANIZATION,4,10.1017/S0020818318000371,https://doi.org/10.1017/S0020818318000371,Canada,0,South Korea,,,10897,120,2243,12900,12.9,0.173875969,156,20,0.128205128,14000,0.921428571,0.012093023
"Christensen, Darin",Concession Stands: How Mining Investments Incite Protest in Africa,INTERNATIONAL ORGANIZATION,4,10.1017/S0020818318000413,https://doi.org/10.1017/S0020818318000413,United States,1,,,,12722,124,1769,14243,14.243,0.124201362,138,41,0.297101449,14000,1.017357143,0.00968897
"Fjelde, Hanne; Hultman, Lisa; Nilsson, Desiree",Protection Through Presence: UN Peacekeeping and the Costs of Targeting Civilians,INTERNATIONAL ORGANIZATION,4,10.1017/S0020818318000346,https://doi.org/10.1017/S0020818318000346,Sweden,0,Sweden,Sweden,,9988,71,1366,11212,11.212,0.12183375,85,12,0.141176471,14000,0.800857143,0.007581163
"Lehmann, Todd C.; Zhukov, Yuri M.",Until the Bitter End? The Diffusion of Surrender Across Battles,INTERNATIONAL ORGANIZATION,4,10.1017/S0020818318000358,https://doi.org/10.1017/S0020818318000358,United States,1,United States,,,10836,77,1538,12220,12.22,0.125859247,100,4,0.04,14000,0.872857143,0.008183306
"Honig, Dan",When Reporting Undermines Performance: The Costs of Politically Constrained Organizational Autonomy in Foreign Aid Implementation,INTERNATIONAL ORGANIZATION,4,10.1017/S002081831800036X,https://doi.org/10.1017/S002081831800036X,United States,1,,,,10408,78,1872,12124,12.124,0.154404487,97,12,0.12371134,14000,0.866,0.00800066
"Mitts, Tamar",Terrorism and the Rise of Right-Wing Content in Israeli Books,INTERNATIONAL ORGANIZATION,4,10.1017/S0020818318000383,https://doi.org/10.1017/S0020818318000383,United States,1,,,,5959,44,1137,7008,7.008,0.162243151,59,2,0.033898305,14000,0.500571429,0.00841895
"Bartusevicius, Henrikas; Gleditsch, Kristian Skrede",A Two-Stage Approach to Civil Conflict: Contested Incompatibilities and Armed Violence,INTERNATIONAL ORGANIZATION,4,10.1017/S0020818318000425,https://doi.org/10.1017/S0020818318000425,Denmark,0,United Kingdom,,,7049,68,1141,8054,8.054,0.141668736,94,15,0.159574468,14000,0.575285714,0.011671219
"Morse, Julia C.","Blacklists, Market Enforcement, and the Global Regime to Combat Terrorist Financing",INTERNATIONAL ORGANIZATION,4,10.1017/S002081831900016X,https://doi.org/10.1017/S002081831900016X,United States,1,,,,11727,111,1600,13105,13.105,0.122090805,89,6,0.06741573,14000,0.936071429,0.006791301
"Bisbee, James H.; Hollyer, James R.; Rosendorff, B. Peter; Vreeland, James Raymond",The Millennium Development Goals and Education: Accountability and Substitution in Global Assessment,INTERNATIONAL ORGANIZATION,4,10.1017/S0020818319000109,https://doi.org/10.1017/S0020818319000109,United States,1,United States,"United States, United States",,10318,69,1358,11538,11.538,0.117698041,78,3,0.038461538,14000,0.824142857,0.00676027
"Honig, Dan; Weaver, Catherine",A Race to the Top? The Aid Transparency Index and the Social Power of Global Performance Indicators,INTERNATIONAL ORGANIZATION,4,10.1017/S0020818319000122,https://doi.org/10.1017/S0020818319000122,United States,1,United States,,,11271,83,1887,12992,12.992,0.145243227,72,5,0.069444444,14000,0.928,0.005541872
"Doshi, Rush; Kelley, Judith G.; Simmons, Beth A.",The Power of Ranking: The Ease of Doing Business Indicator and Global Regulatory Behavior,INTERNATIONAL ORGANIZATION,4,10.1017/S0020818319000158,https://doi.org/10.1017/S0020818319000158,United States,1,United States,United States,,12020,97,929,12755,12.755,0.072834183,57,3,0.052631579,14000,0.911071429,0.004468836
"Paine, Jack",Ethnic Violence in Africa: Destructive Legacies of Pre-Colonial States,INTERNATIONAL ORGANIZATION,4,10.1017/S0020818319000134,https://doi.org/10.1017/S0020818319000134,United States,1,,,,13106,122,1485,14347,14.347,0.103505959,150,39,0.26,14000,1.024785714,0.010455147
"Smith, Gregory L.",Secret but Constrained: The Impact of Elite Opposition on Covert Operations,INTERNATIONAL ORGANIZATION,4,10.1017/S0020818319000171,https://doi.org/10.1017/S0020818319000171,United States,1,,,,6949,71,1338,8145,8.145,0.16427256,101,14,0.138613861,14000,0.581785714,0.012400246
"Webster, Kaitlyn; Chen, Chong; Beardsley, Kyle","Conflict, Peace, and the Evolution of Women's Empowerment",INTERNATIONAL ORGANIZATION,4,10.1017/S0020818319000055,https://doi.org/10.1017/S0020818319000055,United States,1,United States,United States,,11841,127,2091,13678,13.678,0.152873227,160,28,0.175,14000,0.977,0.011697617
"McNamee, Lachlan; Zhang, Anna",Demographic Engineering and International Conflict: Evidence from China and the Former USSR,INTERNATIONAL ORGANIZATION,4,10.1017/S0020818319000067,https://doi.org/10.1017/S0020818319000067,United States,1,United States,,,12708,97,1721,14235,14.235,0.120899192,158,10,0.063291139,14000,1.016785714,0.011099403
"Nair, Gautam; Sambanis, Nicholas",Violence Exposure and Ethnic Identification: Evidence from Kashmir,INTERNATIONAL ORGANIZATION,4,10.1017/S0020818318000498,https://doi.org/10.1017/S0020818318000498,United States,1,United States,,,13469,77,1425,14740,14.74,0.096675712,90,6,0.066666667,14000,1.052857143,0.006105834
"Blair, Robert A.",International Intervention and the Rule of Law after Civil War: Evidence from Liberia,INTERNATIONAL ORGANIZATION,4,10.1017/S0020818319000031,https://doi.org/10.1017/S0020818319000031,United States,1,,,,11639,112,1619,13034,13.034,0.124213595,118,28,0.237288136,14000,0.931,0.009053245
"Sommerer, Thomas; Tallberg, Jonas",Diffusion Across International Organizations: Connectivity and Convergence,INTERNATIONAL ORGANIZATION,4,10.1017/S0020818318000450,https://doi.org/10.1017/S0020818318000450,Sweden,0,Sweden,,,12126,111,2248,14152,14.152,0.158846806,170,23,0.135294118,14000,1.010857143,0.012012436
"Fordham, Benjamin O.","The Domestic Politics of World Power: Explaining Debates over the United States Battleship Fleet, 1890-91",INTERNATIONAL ORGANIZATION,4,10.1017/S0020818318000449,https://doi.org/10.1017/S0020818318000449,United States,1,,,,11986,82,1809,13631,13.631,0.1327122,141,74,0.524822695,14000,0.973642857,0.010344069
"Naurin, Daniel; Naurin, Elin; Alexander, Amy",Gender Stereotyping and Chivalry in International Negotiations: A Survey Experiment in the Council of the European Union,INTERNATIONAL ORGANIZATION,4,10.1017/S0020818319000043,https://doi.org/10.1017/S0020818319000043,Norway,0,Sweden,Sweden,,6597,58,1593,8074,8.074,0.197299975,96,12,0.125,14000,0.576714286,0.011890017
"Ang, Milena; Nalepa, Monika",Can Transitional Justice Improve the Quality of Representation in New Democracies?,WORLD POLITICS,5,10.1017/S0043887119000066,https://doi.org/10.1017/S0043887119000066,United States,1,United States,,,10166,61,1925,11969,11.969,0.16083215,86,0,0,13000,0.920692308,0.007185229
"Lazarev, Egor","Laws in Conflict: Legacies of War, Gender, and Legal Pluralism in Chechnya",WORLD POLITICS,5,10.1017/S0043887119000133,https://doi.org/10.1017/S0043887119000133,Canada,0,,,,11863,98,2100,13767,13.767,0.15253868,117,7,0.05982906,13000,1.059,0.008498584
"Frye, Timothy; Reuter, Ora John; Szakonyi, David","Vote Brokers, Clientelist Appeals, and Voter Turnout: Evidence from Russia and Venezuela",WORLD POLITICS,5,10.1017/S0043887119000078,https://doi.org/10.1017/S0043887119000078,United States,1,United States,United States,,11024,113,2048,12846,12.846,0.159427059,148,1,0.006756757,13000,0.988153846,0.011521096
"Daly, Sarah Zukerman",Voting for Victors: Why Violent Actors Win Postwar Elections,WORLD POLITICS,5,10.1017/S0043887119000091,https://doi.org/10.1017/S0043887119000091,United States,1,,,,16154,238,4798,20476,20.476,0.23432311,294,12,0.040816327,13000,1.575076923,0.014358273
"Vogler, Jan P.","Imperial Rule, the Imposition of Bureaucratic Institutions, and their Long-Term Legacies",WORLD POLITICS,5,10.1017/S004388711900008X,https://doi.org/10.1017/S004388711900008X,United States,1,,,,12976,164,3785,16433,16.433,0.230329216,280,104,0.371428571,13000,1.264076923,0.017038885
"Nathan, Noah L.","Electoral Consequences of Colonial Invention: Brokers, Chiefs, and Distribution in Northern Ghana",WORLD POLITICS,5,10.1017/S0043887119000030,https://doi.org/10.1017/S0043887119000030,United States,1,,,,11762,129,1594,13098,13.098,0.121697969,166,16,0.096385542,13000,1.007538462,0.012673691
"Barber, Benjamin; Miller, Charles",Propaganda and Combat Motivation: Radio Broadcasts and German Soldiers' Performance in World War II,WORLD POLITICS,5,10.1017/S0043887118000345,https://doi.org/10.1017/S0043887118000345,Spain,0,Australia,,,12128,123,2144,14026,14.026,0.152858976,151,4,0.026490066,13000,1.078923077,0.010765721
"Betz, Timm; Pond, Amy",Foreign Financing and the International Sources of Property Rights,WORLD POLITICS,5,10.1017/S0043887119000017,https://doi.org/10.1017/S0043887119000017,United States,1,United States,,,11416,104,2464,13672,13.672,0.180222352,146,8,0.054794521,13000,1.051692308,0.01067876
"Paine, Jack",Democratic Contradictions in European Settler Colonies,WORLD POLITICS,5,10.1017/S0043887119000029,https://doi.org/10.1017/S0043887119000029,United States,1,,,,12830,144,1867,14409,14.409,0.129571795,195,78,0.4,13000,1.108384615,0.013533208
"Petrova, Margarita H.",Naming and Praising in Humanitarian Norm Development,WORLD POLITICS,5,10.1017/S004388711800031X,https://doi.org/10.1017/S004388711800031X,Spain,0,,,,14436,206,3426,17450,17.45,0.196332378,212,104,0.490566038,13000,1.342307692,0.012148997
"Cirone, Alexandra; Van Coppenolle, Brenda",BRIDGING THE GAP Lottery-Based Procedures in Early Parliamentarization,WORLD POLITICS,5,10.1017/S0043887118000291,https://doi.org/10.1017/S0043887118000291,United States,1,Netherlands,,,10930,88,1854,12608,12.608,0.147049492,107,0,0,13000,0.969846154,0.008486675
"Hope, David; Martelli, Angelo","THE TRANSITION TO THE KNOWLEDGE ECONOMY, LABOR MARKET INSTITUTIONS, AND INCOME INEQUALITY IN ADVANCED DEMOCRACIES",WORLD POLITICS,5,10.1017/S0043887118000333,https://doi.org/10.1017/S0043887118000333,United Kingdom,0,United Kingdom,,,12530,162,4107,16313,16.313,0.251762398,352,4,0.011363636,13000,1.254846154,0.021577883
"Paik, Christopher; Vechbanyongratana, Jessica",PATH TO CENTRALIZATION AND DEVELOPMENT Evidence from Siam,WORLD POLITICS,5,10.1017/S0043887118000321,https://doi.org/10.1017/S0043887118000321,United Arab Emirates,1,Thailand,,,9639,71,1689,11186,11.186,0.150992312,115,23,0.2,13000,0.860461539,0.010280708
"Christensen, Darin; Mai Nguyen; Sexton, Renard",STRATEGIC VIOLENCE DURING DEMOCRATIZATION Evidence from Myanmar,WORLD POLITICS,5,10.1017/S0043887118000308,https://doi.org/10.1017/S0043887118000308,United States,1,United States,United States,,11016,131,2120,12874,12.874,0.164672984,141,49,0.347517731,13000,0.990307692,0.010952307
"Chandra, Kanchan; Garcia-Ponce, Omar",WHY ETHNIC SUBALTERN-LED PARTIES CROWD OUT ARMED ORGANIZATIONS Explaining Maoist Violence in India,WORLD POLITICS,5,10.1017/S004388711800028X,https://doi.org/10.1017/S004388711800028X,United States,1,United States,,,14217,109,3040,17039,17.039,0.178414226,179,20,0.111731844,13000,1.310692308,0.010505311
"Jones, Calvert W.","ADVISER TO THE KING Experts, Rationalization, and Legitimacy",WORLD POLITICS,5,10.1017/S0043887118000217,https://doi.org/10.1017/S0043887118000217,United States,1,,,,13654,136,2097,15479,15.479,0.135473868,149,36,0.241610738,13000,1.190692308,0.009625945
"Gonzalez, Yanilda","THE SOCIAL ORIGINS OF INSTITUTIONAL WEAKNESS AND CHANGE Preferences, Power, and Police Reform in Latin America",WORLD POLITICS,5,10.1017/S004388711800014X,https://doi.org/10.1017/S004388711800014X,United States,1,,,,12932,225,2891,15373,15.373,0.188056983,177,70,0.395480226,13000,1.182538462,0.011513693
"Grigorescu, Alexandru; Baser, Caglayan",THE CHOICE BETWEEN INTERGOVERNMENTALISM AND NONGOVERNMENTALISM Projecting Domestic Preferences to Global Governance,WORLD POLITICS,5,10.1017/S0043887118000151,https://doi.org/10.1017/S0043887118000151,United States,1,United States,,,12046,130,2010,13796,13.796,0.145694404,131,52,0.396946565,13000,1.061230769,0.009495506
"Bendor, Jonathan; Shapiro, Jacob N.",HISTORICAL CONTINGENCIES IN THE EVOLUTION OF STATES AND THEIR MILITARIES,WORLD POLITICS,5,10.1017/S0043887118000229,https://doi.org/10.1017/S0043887118000229,United States,1,United States,,,12934,122,2297,14987,14.987,0.153266164,127,65,0.511811024,13000,1.152846154,0.008474011
"Feldmann, Magnus",GLOBAL VARIETIES OF CAPITALISM,WORLD POLITICS,5,10.1017/S0043887118000230,https://doi.org/10.1017/S0043887118000230,United Kingdom,0,,,,10821,77,2304,12971,12.971,0.177627014,162,61,0.37654321,13000,0.997769231,0.012489399
